INSERT INTO member (username, password, name, gender, email, nickname, birth, created_at) VALUES
('joe01', 'password123', 'Joe', 'M', 'joe01@example.com', 'joe', '1990-01-01', NOW()),
('alice01', 'password123', 'Alice', 'F', 'alice01@example.com', 'alice', '1991-02-02', NOW()),
('bob01', 'password123', 'Bob', 'M', 'bob01@example.com', 'bob', '1992-03-03', NOW()),
('carol01', 'password123', 'Carol', 'F', 'carol01@example.com', 'carol', '1993-04-04', NOW()),
('dave01', 'password123', 'Dave', 'M', 'dave01@example.com', 'dave', '1994-05-05', NOW()),
('eve01', 'password123', 'Eve', 'F', 'eve01@example.com', 'eve', '1995-06-06', NOW()),
('frank01', 'password123', 'Frank', 'M', 'frank01@example.com', 'frank', '1996-07-07', NOW()),
('grace01', 'password123', 'Grace', 'F', 'grace01@example.com', 'grace', '1997-08-08', NOW()),
('henry01', 'password123', 'Henry', 'M', 'henry01@example.com', 'henry', '1998-09-09', NOW()),
('irene01', 'password123', 'Irene', 'F', 'irene01@example.com', 'irene', '1999-10-10', NOW()),
('jack01', 'password123', 'Jack', 'M', 'jack01@example.com', 'jack', '1985-01-15', NOW()),
('karen01', 'password123', 'Karen', 'F', 'karen01@example.com', 'karen', '1986-02-16', NOW()),
('leo01', 'password123', 'Leo', 'M', 'leo01@example.com', 'leo', '1987-03-17', NOW()),
('mia01', 'password123', 'Mia', 'F', 'mia01@example.com', 'mia', '1988-04-18', NOW()),
('nick01', 'password123', 'Nick', 'M', 'nick01@example.com', 'nick', '1989-05-19', NOW()),
('olivia01', 'password123', 'Olivia', 'F', 'olivia01@example.com', 'olivia', '1990-06-20', NOW()),
('peter01', 'password123', 'Peter', 'M', 'peter01@example.com', 'peter', '1991-07-21', NOW()),
('quinn01', 'password123', 'Quinn', 'F', 'quinn01@example.com', 'quinn', '1992-08-22', NOW()),
('ryan01', 'password123', 'Ryan', 'M', 'ryan01@example.com', 'ryan', '1993-09-23', NOW()),
('sophia01', 'password123', 'Sophia', 'F', 'sophia01@example.com', 'sophia', '1994-10-24', NOW());

INSERT INTO chat_room (id, title, created_at) VALUES (1, 'ChatRoom001', NOW());
INSERT INTO chat_room (id, title, created_at) VALUES (2, 'ChatRoom002', NOW());
INSERT INTO chat_room (id, title, created_at) VALUES (3, 'ChatRoom003', NOW());
INSERT INTO chat_room (id, title, created_at) VALUES (4, 'ChatRoom004', NOW());
INSERT INTO chat_room (id, title, created_at) VALUES (5, 'ChatRoom005', NOW());
INSERT INTO chat_room (id, title, created_at) VALUES (6, 'ChatRoom006', NOW());
INSERT INTO chat_room (id, title, created_at) VALUES (7, 'ChatRoom007', NOW());
INSERT INTO chat_room (id, title, created_at) VALUES (8, 'ChatRoom008', NOW());
INSERT INTO chat_room (id, title, created_at) VALUES (9, 'ChatRoom009', NOW());
INSERT INTO chat_room (id, title, created_at) VALUES (10, 'ChatRoom010', NOW());
INSERT INTO chat_room (id, title, created_at) VALUES (11, 'ChatRoom011', NOW());
INSERT INTO chat_room (id, title, created_at) VALUES (12, 'ChatRoom012', NOW());
INSERT INTO chat_room (id, title, created_at) VALUES (13, 'ChatRoom013', NOW());
INSERT INTO chat_room (id, title, created_at) VALUES (14, 'ChatRoom014', NOW());
INSERT INTO chat_room (id, title, created_at) VALUES (15, 'ChatRoom015', NOW());
INSERT INTO chat_room (id, title, created_at) VALUES (16, 'ChatRoom016', NOW());
INSERT INTO chat_room (id, title, created_at) VALUES (17, 'ChatRoom017', NOW());
INSERT INTO chat_room (id, title, created_at) VALUES (18, 'ChatRoom018', NOW());
INSERT INTO chat_room (id, title, created_at) VALUES (19, 'ChatRoom019', NOW());
INSERT INTO chat_room (id, title, created_at) VALUES (20, 'ChatRoom020', NOW());
INSERT INTO chat_room (id, title, created_at) VALUES (21, 'ChatRoom021', NOW());
INSERT INTO chat_room (id, title, created_at) VALUES (22, 'ChatRoom022', NOW());
INSERT INTO chat_room (id, title, created_at) VALUES (23, 'ChatRoom023', NOW());
INSERT INTO chat_room (id, title, created_at) VALUES (24, 'ChatRoom024', NOW());
INSERT INTO chat_room (id, title, created_at) VALUES (25, 'ChatRoom025', NOW());
INSERT INTO chat_room (id, title, created_at) VALUES (26, 'ChatRoom026', NOW());
INSERT INTO chat_room (id, title, created_at) VALUES (27, 'ChatRoom027', NOW());
INSERT INTO chat_room (id, title, created_at) VALUES (28, 'ChatRoom028', NOW());
INSERT INTO chat_room (id, title, created_at) VALUES (29, 'ChatRoom029', NOW());
INSERT INTO chat_room (id, title, created_at) VALUES (30, 'ChatRoom030', NOW());
INSERT INTO chat_room (id, title, created_at) VALUES (31, 'ChatRoom031', NOW());
INSERT INTO chat_room (id, title, created_at) VALUES (32, 'ChatRoom032', NOW());
INSERT INTO chat_room (id, title, created_at) VALUES (33, 'ChatRoom033', NOW());
INSERT INTO chat_room (id, title, created_at) VALUES (34, 'ChatRoom034', NOW());
INSERT INTO chat_room (id, title, created_at) VALUES (35, 'ChatRoom035', NOW());
INSERT INTO chat_room (id, title, created_at) VALUES (36, 'ChatRoom036', NOW());
INSERT INTO chat_room (id, title, created_at) VALUES (37, 'ChatRoom037', NOW());
INSERT INTO chat_room (id, title, created_at) VALUES (38, 'ChatRoom038', NOW());
INSERT INTO chat_room (id, title, created_at) VALUES (39, 'ChatRoom039', NOW());
INSERT INTO chat_room (id, title, created_at) VALUES (40, 'ChatRoom040', NOW());
INSERT INTO chat_room (id, title, created_at) VALUES (41, 'ChatRoom041', NOW());
INSERT INTO chat_room (id, title, created_at) VALUES (42, 'ChatRoom042', NOW());
INSERT INTO chat_room (id, title, created_at) VALUES (43, 'ChatRoom043', NOW());
INSERT INTO chat_room (id, title, created_at) VALUES (44, 'ChatRoom044', NOW());
INSERT INTO chat_room (id, title, created_at) VALUES (45, 'ChatRoom045', NOW());
INSERT INTO chat_room (id, title, created_at) VALUES (46, 'ChatRoom046', NOW());
INSERT INTO chat_room (id, title, created_at) VALUES (47, 'ChatRoom047', NOW());
INSERT INTO chat_room (id, title, created_at) VALUES (48, 'ChatRoom048', NOW());
INSERT INTO chat_room (id, title, created_at) VALUES (49, 'ChatRoom049', NOW());
INSERT INTO chat_room (id, title, created_at) VALUES (50, 'ChatRoom050', NOW());
INSERT INTO chat_room (id, title, created_at) VALUES (51, 'ChatRoom051', NOW());
INSERT INTO chat_room (id, title, created_at) VALUES (52, 'ChatRoom052', NOW());
INSERT INTO chat_room (id, title, created_at) VALUES (53, 'ChatRoom053', NOW());
INSERT INTO chat_room (id, title, created_at) VALUES (54, 'ChatRoom054', NOW());
INSERT INTO chat_room (id, title, created_at) VALUES (55, 'ChatRoom055', NOW());
INSERT INTO chat_room (id, title, created_at) VALUES (56, 'ChatRoom056', NOW());
INSERT INTO chat_room (id, title, created_at) VALUES (57, 'ChatRoom057', NOW());
INSERT INTO chat_room (id, title, created_at) VALUES (58, 'ChatRoom058', NOW());
INSERT INTO chat_room (id, title, created_at) VALUES (59, 'ChatRoom059', NOW());
INSERT INTO chat_room (id, title, created_at) VALUES (60, 'ChatRoom060', NOW());
INSERT INTO chat_room (id, title, created_at) VALUES (61, 'ChatRoom061', NOW());
INSERT INTO chat_room (id, title, created_at) VALUES (62, 'ChatRoom062', NOW());
INSERT INTO chat_room (id, title, created_at) VALUES (63, 'ChatRoom063', NOW());
INSERT INTO chat_room (id, title, created_at) VALUES (64, 'ChatRoom064', NOW());
INSERT INTO chat_room (id, title, created_at) VALUES (65, 'ChatRoom065', NOW());
INSERT INTO chat_room (id, title, created_at) VALUES (66, 'ChatRoom066', NOW());
INSERT INTO chat_room (id, title, created_at) VALUES (67, 'ChatRoom067', NOW());
INSERT INTO chat_room (id, title, created_at) VALUES (68, 'ChatRoom068', NOW());
INSERT INTO chat_room (id, title, created_at) VALUES (69, 'ChatRoom069', NOW());
INSERT INTO chat_room (id, title, created_at) VALUES (70, 'ChatRoom070', NOW());
INSERT INTO chat_room (id, title, created_at) VALUES (71, 'ChatRoom071', NOW());
INSERT INTO chat_room (id, title, created_at) VALUES (72, 'ChatRoom072', NOW());
INSERT INTO chat_room (id, title, created_at) VALUES (73, 'ChatRoom073', NOW());
INSERT INTO chat_room (id, title, created_at) VALUES (74, 'ChatRoom074', NOW());
INSERT INTO chat_room (id, title, created_at) VALUES (75, 'ChatRoom075', NOW());
INSERT INTO chat_room (id, title, created_at) VALUES (76, 'ChatRoom076', NOW());
INSERT INTO chat_room (id, title, created_at) VALUES (77, 'ChatRoom077', NOW());
INSERT INTO chat_room (id, title, created_at) VALUES (78, 'ChatRoom078', NOW());
INSERT INTO chat_room (id, title, created_at) VALUES (79, 'ChatRoom079', NOW());
INSERT INTO chat_room (id, title, created_at) VALUES (80, 'ChatRoom080', NOW());
INSERT INTO chat_room (id, title, created_at) VALUES (81, 'ChatRoom081', NOW());
INSERT INTO chat_room (id, title, created_at) VALUES (82, 'ChatRoom082', NOW());
INSERT INTO chat_room (id, title, created_at) VALUES (83, 'ChatRoom083', NOW());
INSERT INTO chat_room (id, title, created_at) VALUES (84, 'ChatRoom084', NOW());
INSERT INTO chat_room (id, title, created_at) VALUES (85, 'ChatRoom085', NOW());
INSERT INTO chat_room (id, title, created_at) VALUES (86, 'ChatRoom086', NOW());
INSERT INTO chat_room (id, title, created_at) VALUES (87, 'ChatRoom087', NOW());
INSERT INTO chat_room (id, title, created_at) VALUES (88, 'ChatRoom088', NOW());
INSERT INTO chat_room (id, title, created_at) VALUES (89, 'ChatRoom089', NOW());
INSERT INTO chat_room (id, title, created_at) VALUES (90, 'ChatRoom090', NOW());
INSERT INTO chat_room (id, title, created_at) VALUES (91, 'ChatRoom091', NOW());
INSERT INTO chat_room (id, title, created_at) VALUES (92, 'ChatRoom092', NOW());
INSERT INTO chat_room (id, title, created_at) VALUES (93, 'ChatRoom093', NOW());
INSERT INTO chat_room (id, title, created_at) VALUES (94, 'ChatRoom094', NOW());
INSERT INTO chat_room (id, title, created_at) VALUES (95, 'ChatRoom095', NOW());
INSERT INTO chat_room (id, title, created_at) VALUES (96, 'ChatRoom096', NOW());
INSERT INTO chat_room (id, title, created_at) VALUES (97, 'ChatRoom097', NOW());
INSERT INTO chat_room (id, title, created_at) VALUES (98, 'ChatRoom098', NOW());
INSERT INTO chat_room (id, title, created_at) VALUES (99, 'ChatRoom099', NOW());
INSERT INTO chat_room (id, title, created_at) VALUES (100, 'ChatRoom100', NOW());

INSERT INTO member_chat_room (id, member_id, chat_room_id) VALUES (1, 1, 1);
INSERT INTO member_chat_room (id, member_id, chat_room_id) VALUES (2, 9, 1);
INSERT INTO member_chat_room (id, member_id, chat_room_id) VALUES (3, 16, 1);
INSERT INTO member_chat_room (id, member_id, chat_room_id) VALUES (4, 9, 2);
INSERT INTO member_chat_room (id, member_id, chat_room_id) VALUES (5, 12, 2);
INSERT INTO member_chat_room (id, member_id, chat_room_id) VALUES (6, 16, 2);
INSERT INTO member_chat_room (id, member_id, chat_room_id) VALUES (7, 20, 2);
INSERT INTO member_chat_room (id, member_id, chat_room_id) VALUES (8, 2, 3);
INSERT INTO member_chat_room (id, member_id, chat_room_id) VALUES (9, 8, 3);
INSERT INTO member_chat_room (id, member_id, chat_room_id) VALUES (10, 11, 3);
INSERT INTO member_chat_room (id, member_id, chat_room_id) VALUES (11, 12, 3);
INSERT INTO member_chat_room (id, member_id, chat_room_id) VALUES (12, 16, 3);
INSERT INTO member_chat_room (id, member_id, chat_room_id) VALUES (13, 17, 3);
INSERT INTO member_chat_room (id, member_id, chat_room_id) VALUES (14, 11, 4);
INSERT INTO member_chat_room (id, member_id, chat_room_id) VALUES (15, 16, 4);
INSERT INTO member_chat_room (id, member_id, chat_room_id) VALUES (16, 17, 4);
INSERT INTO member_chat_room (id, member_id, chat_room_id) VALUES (17, 18, 4);
INSERT INTO member_chat_room (id, member_id, chat_room_id) VALUES (18, 19, 4);
INSERT INTO member_chat_room (id, member_id, chat_room_id) VALUES (19, 1, 5);
INSERT INTO member_chat_room (id, member_id, chat_room_id) VALUES (20, 11, 5);
INSERT INTO member_chat_room (id, member_id, chat_room_id) VALUES (21, 17, 5);
INSERT INTO member_chat_room (id, member_id, chat_room_id) VALUES (22, 3, 6);
INSERT INTO member_chat_room (id, member_id, chat_room_id) VALUES (23, 6, 6);
INSERT INTO member_chat_room (id, member_id, chat_room_id) VALUES (24, 12, 6);
INSERT INTO member_chat_room (id, member_id, chat_room_id) VALUES (25, 14, 6);
INSERT INTO member_chat_room (id, member_id, chat_room_id) VALUES (26, 15, 6);
INSERT INTO member_chat_room (id, member_id, chat_room_id) VALUES (27, 4, 7);
INSERT INTO member_chat_room (id, member_id, chat_room_id) VALUES (28, 5, 7);
INSERT INTO member_chat_room (id, member_id, chat_room_id) VALUES (29, 10, 7);
INSERT INTO member_chat_room (id, member_id, chat_room_id) VALUES (30, 15, 7);
INSERT INTO member_chat_room (id, member_id, chat_room_id) VALUES (31, 18, 7);
INSERT INTO member_chat_room (id, member_id, chat_room_id) VALUES (32, 20, 7);
INSERT INTO member_chat_room (id, member_id, chat_room_id) VALUES (33, 1, 8);
INSERT INTO member_chat_room (id, member_id, chat_room_id) VALUES (34, 8, 8);
INSERT INTO member_chat_room (id, member_id, chat_room_id) VALUES (35, 10, 8);
INSERT INTO member_chat_room (id, member_id, chat_room_id) VALUES (36, 12, 8);
INSERT INTO member_chat_room (id, member_id, chat_room_id) VALUES (37, 19, 8);
INSERT INTO member_chat_room (id, member_id, chat_room_id) VALUES (38, 2, 9);
INSERT INTO member_chat_room (id, member_id, chat_room_id) VALUES (39, 7, 9);
INSERT INTO member_chat_room (id, member_id, chat_room_id) VALUES (40, 17, 9);
INSERT INTO member_chat_room (id, member_id, chat_room_id) VALUES (41, 9, 10);
INSERT INTO member_chat_room (id, member_id, chat_room_id) VALUES (42, 12, 10);
INSERT INTO member_chat_room (id, member_id, chat_room_id) VALUES (43, 17, 10);
INSERT INTO member_chat_room (id, member_id, chat_room_id) VALUES (44, 20, 10);
INSERT INTO member_chat_room (id, member_id, chat_room_id) VALUES (45, 5, 11);
INSERT INTO member_chat_room (id, member_id, chat_room_id) VALUES (46, 6, 11);
INSERT INTO member_chat_room (id, member_id, chat_room_id) VALUES (47, 9, 11);
INSERT INTO member_chat_room (id, member_id, chat_room_id) VALUES (48, 10, 11);
INSERT INTO member_chat_room (id, member_id, chat_room_id) VALUES (49, 15, 11);
INSERT INTO member_chat_room (id, member_id, chat_room_id) VALUES (50, 20, 11);
INSERT INTO member_chat_room (id, member_id, chat_room_id) VALUES (51, 3, 12);
INSERT INTO member_chat_room (id, member_id, chat_room_id) VALUES (52, 4, 12);
INSERT INTO member_chat_room (id, member_id, chat_room_id) VALUES (53, 13, 12);
INSERT INTO member_chat_room (id, member_id, chat_room_id) VALUES (54, 20, 12);
INSERT INTO member_chat_room (id, member_id, chat_room_id) VALUES (55, 6, 13);
INSERT INTO member_chat_room (id, member_id, chat_room_id) VALUES (56, 8, 13);
INSERT INTO member_chat_room (id, member_id, chat_room_id) VALUES (57, 9, 13);
INSERT INTO member_chat_room (id, member_id, chat_room_id) VALUES (58, 14, 13);
INSERT INTO member_chat_room (id, member_id, chat_room_id) VALUES (59, 15, 13);
INSERT INTO member_chat_room (id, member_id, chat_room_id) VALUES (60, 19, 13);
INSERT INTO member_chat_room (id, member_id, chat_room_id) VALUES (61, 1, 14);
INSERT INTO member_chat_room (id, member_id, chat_room_id) VALUES (62, 17, 14);
INSERT INTO member_chat_room (id, member_id, chat_room_id) VALUES (63, 19, 14);
INSERT INTO member_chat_room (id, member_id, chat_room_id) VALUES (64, 1, 15);
INSERT INTO member_chat_room (id, member_id, chat_room_id) VALUES (65, 8, 15);
INSERT INTO member_chat_room (id, member_id, chat_room_id) VALUES (66, 9, 15);
INSERT INTO member_chat_room (id, member_id, chat_room_id) VALUES (67, 10, 15);
INSERT INTO member_chat_room (id, member_id, chat_room_id) VALUES (68, 15, 15);
INSERT INTO member_chat_room (id, member_id, chat_room_id) VALUES (69, 17, 15);
INSERT INTO member_chat_room (id, member_id, chat_room_id) VALUES (70, 18, 15);
INSERT INTO member_chat_room (id, member_id, chat_room_id) VALUES (71, 9, 16);
INSERT INTO member_chat_room (id, member_id, chat_room_id) VALUES (72, 11, 16);
INSERT INTO member_chat_room (id, member_id, chat_room_id) VALUES (73, 12, 16);
INSERT INTO member_chat_room (id, member_id, chat_room_id) VALUES (74, 14, 16);
INSERT INTO member_chat_room (id, member_id, chat_room_id) VALUES (75, 19, 16);
INSERT INTO member_chat_room (id, member_id, chat_room_id) VALUES (76, 2, 17);
INSERT INTO member_chat_room (id, member_id, chat_room_id) VALUES (77, 7, 17);
INSERT INTO member_chat_room (id, member_id, chat_room_id) VALUES (78, 9, 17);
INSERT INTO member_chat_room (id, member_id, chat_room_id) VALUES (79, 10, 17);
INSERT INTO member_chat_room (id, member_id, chat_room_id) VALUES (80, 13, 17);
INSERT INTO member_chat_room (id, member_id, chat_room_id) VALUES (81, 14, 17);
INSERT INTO member_chat_room (id, member_id, chat_room_id) VALUES (82, 15, 17);
INSERT INTO member_chat_room (id, member_id, chat_room_id) VALUES (83, 19, 17);
INSERT INTO member_chat_room (id, member_id, chat_room_id) VALUES (84, 1, 18);
INSERT INTO member_chat_room (id, member_id, chat_room_id) VALUES (85, 7, 18);
INSERT INTO member_chat_room (id, member_id, chat_room_id) VALUES (86, 8, 18);
INSERT INTO member_chat_room (id, member_id, chat_room_id) VALUES (87, 13, 18);
INSERT INTO member_chat_room (id, member_id, chat_room_id) VALUES (88, 16, 18);
INSERT INTO member_chat_room (id, member_id, chat_room_id) VALUES (89, 17, 18);
INSERT INTO member_chat_room (id, member_id, chat_room_id) VALUES (90, 20, 18);
INSERT INTO member_chat_room (id, member_id, chat_room_id) VALUES (91, 4, 19);
INSERT INTO member_chat_room (id, member_id, chat_room_id) VALUES (92, 9, 19);
INSERT INTO member_chat_room (id, member_id, chat_room_id) VALUES (93, 2, 20);
INSERT INTO member_chat_room (id, member_id, chat_room_id) VALUES (94, 3, 20);
INSERT INTO member_chat_room (id, member_id, chat_room_id) VALUES (95, 9, 20);
INSERT INTO member_chat_room (id, member_id, chat_room_id) VALUES (96, 12, 20);
INSERT INTO member_chat_room (id, member_id, chat_room_id) VALUES (97, 15, 20);
INSERT INTO member_chat_room (id, member_id, chat_room_id) VALUES (98, 16, 20);
INSERT INTO member_chat_room (id, member_id, chat_room_id) VALUES (99, 17, 20);
INSERT INTO member_chat_room (id, member_id, chat_room_id) VALUES (100, 20, 20);
INSERT INTO member_chat_room (id, member_id, chat_room_id) VALUES (101, 1, 21);
INSERT INTO member_chat_room (id, member_id, chat_room_id) VALUES (102, 4, 21);
INSERT INTO member_chat_room (id, member_id, chat_room_id) VALUES (103, 5, 21);
INSERT INTO member_chat_room (id, member_id, chat_room_id) VALUES (104, 7, 21);
INSERT INTO member_chat_room (id, member_id, chat_room_id) VALUES (105, 9, 21);
INSERT INTO member_chat_room (id, member_id, chat_room_id) VALUES (106, 10, 21);
INSERT INTO member_chat_room (id, member_id, chat_room_id) VALUES (107, 11, 21);
INSERT INTO member_chat_room (id, member_id, chat_room_id) VALUES (108, 12, 21);
INSERT INTO member_chat_room (id, member_id, chat_room_id) VALUES (109, 1, 22);
INSERT INTO member_chat_room (id, member_id, chat_room_id) VALUES (110, 3, 22);
INSERT INTO member_chat_room (id, member_id, chat_room_id) VALUES (111, 9, 22);
INSERT INTO member_chat_room (id, member_id, chat_room_id) VALUES (112, 14, 22);
INSERT INTO member_chat_room (id, member_id, chat_room_id) VALUES (113, 17, 22);
INSERT INTO member_chat_room (id, member_id, chat_room_id) VALUES (114, 5, 23);
INSERT INTO member_chat_room (id, member_id, chat_room_id) VALUES (115, 8, 23);
INSERT INTO member_chat_room (id, member_id, chat_room_id) VALUES (116, 11, 23);
INSERT INTO member_chat_room (id, member_id, chat_room_id) VALUES (117, 1, 24);
INSERT INTO member_chat_room (id, member_id, chat_room_id) VALUES (118, 6, 24);
INSERT INTO member_chat_room (id, member_id, chat_room_id) VALUES (119, 20, 24);
INSERT INTO member_chat_room (id, member_id, chat_room_id) VALUES (120, 1, 25);
INSERT INTO member_chat_room (id, member_id, chat_room_id) VALUES (121, 2, 25);
INSERT INTO member_chat_room (id, member_id, chat_room_id) VALUES (122, 4, 25);
INSERT INTO member_chat_room (id, member_id, chat_room_id) VALUES (123, 5, 25);
INSERT INTO member_chat_room (id, member_id, chat_room_id) VALUES (124, 6, 25);
INSERT INTO member_chat_room (id, member_id, chat_room_id) VALUES (125, 9, 25);
INSERT INTO member_chat_room (id, member_id, chat_room_id) VALUES (126, 16, 25);
INSERT INTO member_chat_room (id, member_id, chat_room_id) VALUES (127, 20, 25);
INSERT INTO member_chat_room (id, member_id, chat_room_id) VALUES (128, 8, 26);
INSERT INTO member_chat_room (id, member_id, chat_room_id) VALUES (129, 14, 26);
INSERT INTO member_chat_room (id, member_id, chat_room_id) VALUES (130, 20, 26);
INSERT INTO member_chat_room (id, member_id, chat_room_id) VALUES (131, 1, 27);
INSERT INTO member_chat_room (id, member_id, chat_room_id) VALUES (132, 5, 27);
INSERT INTO member_chat_room (id, member_id, chat_room_id) VALUES (133, 7, 27);
INSERT INTO member_chat_room (id, member_id, chat_room_id) VALUES (134, 11, 27);
INSERT INTO member_chat_room (id, member_id, chat_room_id) VALUES (135, 14, 27);
INSERT INTO member_chat_room (id, member_id, chat_room_id) VALUES (136, 4, 28);
INSERT INTO member_chat_room (id, member_id, chat_room_id) VALUES (137, 11, 28);
INSERT INTO member_chat_room (id, member_id, chat_room_id) VALUES (138, 16, 28);
INSERT INTO member_chat_room (id, member_id, chat_room_id) VALUES (139, 20, 28);
INSERT INTO member_chat_room (id, member_id, chat_room_id) VALUES (140, 6, 29);
INSERT INTO member_chat_room (id, member_id, chat_room_id) VALUES (141, 11, 29);
INSERT INTO member_chat_room (id, member_id, chat_room_id) VALUES (142, 7, 30);
INSERT INTO member_chat_room (id, member_id, chat_room_id) VALUES (143, 13, 30);
INSERT INTO member_chat_room (id, member_id, chat_room_id) VALUES (144, 2, 31);
INSERT INTO member_chat_room (id, member_id, chat_room_id) VALUES (145, 3, 31);
INSERT INTO member_chat_room (id, member_id, chat_room_id) VALUES (146, 5, 31);
INSERT INTO member_chat_room (id, member_id, chat_room_id) VALUES (147, 9, 31);
INSERT INTO member_chat_room (id, member_id, chat_room_id) VALUES (148, 11, 31);
INSERT INTO member_chat_room (id, member_id, chat_room_id) VALUES (149, 17, 31);
INSERT INTO member_chat_room (id, member_id, chat_room_id) VALUES (150, 19, 31);
INSERT INTO member_chat_room (id, member_id, chat_room_id) VALUES (151, 20, 31);
INSERT INTO member_chat_room (id, member_id, chat_room_id) VALUES (152, 3, 32);
INSERT INTO member_chat_room (id, member_id, chat_room_id) VALUES (153, 15, 32);
INSERT INTO member_chat_room (id, member_id, chat_room_id) VALUES (154, 3, 33);
INSERT INTO member_chat_room (id, member_id, chat_room_id) VALUES (155, 4, 33);
INSERT INTO member_chat_room (id, member_id, chat_room_id) VALUES (156, 12, 33);
INSERT INTO member_chat_room (id, member_id, chat_room_id) VALUES (157, 6, 34);
INSERT INTO member_chat_room (id, member_id, chat_room_id) VALUES (158, 19, 34);
INSERT INTO member_chat_room (id, member_id, chat_room_id) VALUES (159, 3, 35);
INSERT INTO member_chat_room (id, member_id, chat_room_id) VALUES (160, 5, 35);
INSERT INTO member_chat_room (id, member_id, chat_room_id) VALUES (161, 6, 35);
INSERT INTO member_chat_room (id, member_id, chat_room_id) VALUES (162, 7, 35);
INSERT INTO member_chat_room (id, member_id, chat_room_id) VALUES (163, 10, 35);
INSERT INTO member_chat_room (id, member_id, chat_room_id) VALUES (164, 13, 35);
INSERT INTO member_chat_room (id, member_id, chat_room_id) VALUES (165, 16, 35);
INSERT INTO member_chat_room (id, member_id, chat_room_id) VALUES (166, 19, 35);
INSERT INTO member_chat_room (id, member_id, chat_room_id) VALUES (167, 1, 36);
INSERT INTO member_chat_room (id, member_id, chat_room_id) VALUES (168, 2, 36);
INSERT INTO member_chat_room (id, member_id, chat_room_id) VALUES (169, 4, 36);
INSERT INTO member_chat_room (id, member_id, chat_room_id) VALUES (170, 8, 36);
INSERT INTO member_chat_room (id, member_id, chat_room_id) VALUES (171, 14, 36);
INSERT INTO member_chat_room (id, member_id, chat_room_id) VALUES (172, 20, 36);
INSERT INTO member_chat_room (id, member_id, chat_room_id) VALUES (173, 4, 37);
INSERT INTO member_chat_room (id, member_id, chat_room_id) VALUES (174, 12, 37);
INSERT INTO member_chat_room (id, member_id, chat_room_id) VALUES (175, 13, 37);
INSERT INTO member_chat_room (id, member_id, chat_room_id) VALUES (176, 4, 38);
INSERT INTO member_chat_room (id, member_id, chat_room_id) VALUES (177, 7, 38);
INSERT INTO member_chat_room (id, member_id, chat_room_id) VALUES (178, 8, 38);
INSERT INTO member_chat_room (id, member_id, chat_room_id) VALUES (179, 10, 38);
INSERT INTO member_chat_room (id, member_id, chat_room_id) VALUES (180, 15, 38);
INSERT INTO member_chat_room (id, member_id, chat_room_id) VALUES (181, 16, 38);
INSERT INTO member_chat_room (id, member_id, chat_room_id) VALUES (182, 17, 38);
INSERT INTO member_chat_room (id, member_id, chat_room_id) VALUES (183, 20, 38);
INSERT INTO member_chat_room (id, member_id, chat_room_id) VALUES (184, 1, 39);
INSERT INTO member_chat_room (id, member_id, chat_room_id) VALUES (185, 2, 39);
INSERT INTO member_chat_room (id, member_id, chat_room_id) VALUES (186, 9, 39);
INSERT INTO member_chat_room (id, member_id, chat_room_id) VALUES (187, 12, 39);
INSERT INTO member_chat_room (id, member_id, chat_room_id) VALUES (188, 17, 39);
INSERT INTO member_chat_room (id, member_id, chat_room_id) VALUES (189, 20, 39);
INSERT INTO member_chat_room (id, member_id, chat_room_id) VALUES (190, 14, 40);
INSERT INTO member_chat_room (id, member_id, chat_room_id) VALUES (191, 17, 40);
INSERT INTO member_chat_room (id, member_id, chat_room_id) VALUES (192, 14, 41);
INSERT INTO member_chat_room (id, member_id, chat_room_id) VALUES (193, 15, 41);
INSERT INTO member_chat_room (id, member_id, chat_room_id) VALUES (194, 1, 42);
INSERT INTO member_chat_room (id, member_id, chat_room_id) VALUES (195, 2, 42);
INSERT INTO member_chat_room (id, member_id, chat_room_id) VALUES (196, 3, 42);
INSERT INTO member_chat_room (id, member_id, chat_room_id) VALUES (197, 5, 42);
INSERT INTO member_chat_room (id, member_id, chat_room_id) VALUES (198, 6, 42);
INSERT INTO member_chat_room (id, member_id, chat_room_id) VALUES (199, 9, 42);
INSERT INTO member_chat_room (id, member_id, chat_room_id) VALUES (200, 10, 42);
INSERT INTO member_chat_room (id, member_id, chat_room_id) VALUES (201, 3, 43);
INSERT INTO member_chat_room (id, member_id, chat_room_id) VALUES (202, 6, 43);
INSERT INTO member_chat_room (id, member_id, chat_room_id) VALUES (203, 10, 43);
INSERT INTO member_chat_room (id, member_id, chat_room_id) VALUES (204, 11, 43);
INSERT INTO member_chat_room (id, member_id, chat_room_id) VALUES (205, 17, 43);
INSERT INTO member_chat_room (id, member_id, chat_room_id) VALUES (206, 7, 44);
INSERT INTO member_chat_room (id, member_id, chat_room_id) VALUES (207, 9, 44);
INSERT INTO member_chat_room (id, member_id, chat_room_id) VALUES (208, 4, 45);
INSERT INTO member_chat_room (id, member_id, chat_room_id) VALUES (209, 5, 45);
INSERT INTO member_chat_room (id, member_id, chat_room_id) VALUES (210, 12, 45);
INSERT INTO member_chat_room (id, member_id, chat_room_id) VALUES (211, 16, 45);
INSERT INTO member_chat_room (id, member_id, chat_room_id) VALUES (212, 19, 45);
INSERT INTO member_chat_room (id, member_id, chat_room_id) VALUES (213, 20, 45);
INSERT INTO member_chat_room (id, member_id, chat_room_id) VALUES (214, 4, 46);
INSERT INTO member_chat_room (id, member_id, chat_room_id) VALUES (215, 19, 46);
INSERT INTO member_chat_room (id, member_id, chat_room_id) VALUES (216, 20, 46);
INSERT INTO member_chat_room (id, member_id, chat_room_id) VALUES (217, 1, 47);
INSERT INTO member_chat_room (id, member_id, chat_room_id) VALUES (218, 7, 47);
INSERT INTO member_chat_room (id, member_id, chat_room_id) VALUES (219, 16, 47);
INSERT INTO member_chat_room (id, member_id, chat_room_id) VALUES (220, 17, 47);
INSERT INTO member_chat_room (id, member_id, chat_room_id) VALUES (221, 1, 48);
INSERT INTO member_chat_room (id, member_id, chat_room_id) VALUES (222, 2, 48);
INSERT INTO member_chat_room (id, member_id, chat_room_id) VALUES (223, 3, 48);
INSERT INTO member_chat_room (id, member_id, chat_room_id) VALUES (224, 8, 48);
INSERT INTO member_chat_room (id, member_id, chat_room_id) VALUES (225, 11, 48);
INSERT INTO member_chat_room (id, member_id, chat_room_id) VALUES (226, 14, 48);
INSERT INTO member_chat_room (id, member_id, chat_room_id) VALUES (227, 17, 48);
INSERT INTO member_chat_room (id, member_id, chat_room_id) VALUES (228, 20, 48);
INSERT INTO member_chat_room (id, member_id, chat_room_id) VALUES (229, 1, 49);
INSERT INTO member_chat_room (id, member_id, chat_room_id) VALUES (230, 7, 49);
INSERT INTO member_chat_room (id, member_id, chat_room_id) VALUES (231, 8, 49);
INSERT INTO member_chat_room (id, member_id, chat_room_id) VALUES (232, 10, 49);
INSERT INTO member_chat_room (id, member_id, chat_room_id) VALUES (233, 14, 49);
INSERT INTO member_chat_room (id, member_id, chat_room_id) VALUES (234, 19, 49);
INSERT INTO member_chat_room (id, member_id, chat_room_id) VALUES (235, 20, 49);
INSERT INTO member_chat_room (id, member_id, chat_room_id) VALUES (236, 6, 50);
INSERT INTO member_chat_room (id, member_id, chat_room_id) VALUES (237, 7, 50);
INSERT INTO member_chat_room (id, member_id, chat_room_id) VALUES (238, 9, 50);
INSERT INTO member_chat_room (id, member_id, chat_room_id) VALUES (239, 16, 50);
INSERT INTO member_chat_room (id, member_id, chat_room_id) VALUES (240, 2, 51);
INSERT INTO member_chat_room (id, member_id, chat_room_id) VALUES (241, 4, 51);
INSERT INTO member_chat_room (id, member_id, chat_room_id) VALUES (242, 6, 51);
INSERT INTO member_chat_room (id, member_id, chat_room_id) VALUES (243, 7, 51);
INSERT INTO member_chat_room (id, member_id, chat_room_id) VALUES (244, 9, 51);
INSERT INTO member_chat_room (id, member_id, chat_room_id) VALUES (245, 10, 51);
INSERT INTO member_chat_room (id, member_id, chat_room_id) VALUES (246, 11, 51);
INSERT INTO member_chat_room (id, member_id, chat_room_id) VALUES (247, 14, 51);
INSERT INTO member_chat_room (id, member_id, chat_room_id) VALUES (248, 1, 52);
INSERT INTO member_chat_room (id, member_id, chat_room_id) VALUES (249, 2, 52);
INSERT INTO member_chat_room (id, member_id, chat_room_id) VALUES (250, 9, 52);
INSERT INTO member_chat_room (id, member_id, chat_room_id) VALUES (251, 11, 52);
INSERT INTO member_chat_room (id, member_id, chat_room_id) VALUES (252, 14, 52);
INSERT INTO member_chat_room (id, member_id, chat_room_id) VALUES (253, 15, 52);
INSERT INTO member_chat_room (id, member_id, chat_room_id) VALUES (254, 1, 53);
INSERT INTO member_chat_room (id, member_id, chat_room_id) VALUES (255, 6, 53);
INSERT INTO member_chat_room (id, member_id, chat_room_id) VALUES (256, 3, 54);
INSERT INTO member_chat_room (id, member_id, chat_room_id) VALUES (257, 4, 54);
INSERT INTO member_chat_room (id, member_id, chat_room_id) VALUES (258, 6, 54);
INSERT INTO member_chat_room (id, member_id, chat_room_id) VALUES (259, 9, 54);
INSERT INTO member_chat_room (id, member_id, chat_room_id) VALUES (260, 10, 54);
INSERT INTO member_chat_room (id, member_id, chat_room_id) VALUES (261, 14, 54);
INSERT INTO member_chat_room (id, member_id, chat_room_id) VALUES (262, 17, 54);
INSERT INTO member_chat_room (id, member_id, chat_room_id) VALUES (263, 19, 54);
INSERT INTO member_chat_room (id, member_id, chat_room_id) VALUES (264, 1, 55);
INSERT INTO member_chat_room (id, member_id, chat_room_id) VALUES (265, 4, 55);
INSERT INTO member_chat_room (id, member_id, chat_room_id) VALUES (266, 7, 55);
INSERT INTO member_chat_room (id, member_id, chat_room_id) VALUES (267, 8, 55);
INSERT INTO member_chat_room (id, member_id, chat_room_id) VALUES (268, 13, 55);
INSERT INTO member_chat_room (id, member_id, chat_room_id) VALUES (269, 19, 55);
INSERT INTO member_chat_room (id, member_id, chat_room_id) VALUES (270, 1, 56);
INSERT INTO member_chat_room (id, member_id, chat_room_id) VALUES (271, 5, 56);
INSERT INTO member_chat_room (id, member_id, chat_room_id) VALUES (272, 8, 56);
INSERT INTO member_chat_room (id, member_id, chat_room_id) VALUES (273, 10, 56);
INSERT INTO member_chat_room (id, member_id, chat_room_id) VALUES (274, 16, 56);
INSERT INTO member_chat_room (id, member_id, chat_room_id) VALUES (275, 19, 56);
INSERT INTO member_chat_room (id, member_id, chat_room_id) VALUES (276, 5, 57);
INSERT INTO member_chat_room (id, member_id, chat_room_id) VALUES (277, 19, 57);
INSERT INTO member_chat_room (id, member_id, chat_room_id) VALUES (278, 4, 58);
INSERT INTO member_chat_room (id, member_id, chat_room_id) VALUES (279, 11, 58);
INSERT INTO member_chat_room (id, member_id, chat_room_id) VALUES (280, 12, 58);
INSERT INTO member_chat_room (id, member_id, chat_room_id) VALUES (281, 15, 58);
INSERT INTO member_chat_room (id, member_id, chat_room_id) VALUES (282, 17, 58);
INSERT INTO member_chat_room (id, member_id, chat_room_id) VALUES (283, 19, 58);
INSERT INTO member_chat_room (id, member_id, chat_room_id) VALUES (284, 20, 58);
INSERT INTO member_chat_room (id, member_id, chat_room_id) VALUES (285, 4, 59);
INSERT INTO member_chat_room (id, member_id, chat_room_id) VALUES (286, 5, 59);
INSERT INTO member_chat_room (id, member_id, chat_room_id) VALUES (287, 6, 59);
INSERT INTO member_chat_room (id, member_id, chat_room_id) VALUES (288, 9, 59);
INSERT INTO member_chat_room (id, member_id, chat_room_id) VALUES (289, 11, 59);
INSERT INTO member_chat_room (id, member_id, chat_room_id) VALUES (290, 17, 59);
INSERT INTO member_chat_room (id, member_id, chat_room_id) VALUES (291, 19, 59);
INSERT INTO member_chat_room (id, member_id, chat_room_id) VALUES (292, 20, 59);
INSERT INTO member_chat_room (id, member_id, chat_room_id) VALUES (293, 3, 60);
INSERT INTO member_chat_room (id, member_id, chat_room_id) VALUES (294, 10, 60);
INSERT INTO member_chat_room (id, member_id, chat_room_id) VALUES (295, 4, 61);
INSERT INTO member_chat_room (id, member_id, chat_room_id) VALUES (296, 12, 61);
INSERT INTO member_chat_room (id, member_id, chat_room_id) VALUES (297, 13, 61);
INSERT INTO member_chat_room (id, member_id, chat_room_id) VALUES (298, 15, 61);
INSERT INTO member_chat_room (id, member_id, chat_room_id) VALUES (299, 4, 62);
INSERT INTO member_chat_room (id, member_id, chat_room_id) VALUES (300, 6, 62);
INSERT INTO member_chat_room (id, member_id, chat_room_id) VALUES (301, 15, 62);
INSERT INTO member_chat_room (id, member_id, chat_room_id) VALUES (302, 17, 62);
INSERT INTO member_chat_room (id, member_id, chat_room_id) VALUES (303, 3, 63);
INSERT INTO member_chat_room (id, member_id, chat_room_id) VALUES (304, 6, 63);
INSERT INTO member_chat_room (id, member_id, chat_room_id) VALUES (305, 8, 63);
INSERT INTO member_chat_room (id, member_id, chat_room_id) VALUES (306, 12, 63);
INSERT INTO member_chat_room (id, member_id, chat_room_id) VALUES (307, 13, 63);
INSERT INTO member_chat_room (id, member_id, chat_room_id) VALUES (308, 16, 63);
INSERT INTO member_chat_room (id, member_id, chat_room_id) VALUES (309, 20, 63);
INSERT INTO member_chat_room (id, member_id, chat_room_id) VALUES (310, 7, 64);
INSERT INTO member_chat_room (id, member_id, chat_room_id) VALUES (311, 10, 64);
INSERT INTO member_chat_room (id, member_id, chat_room_id) VALUES (312, 3, 65);
INSERT INTO member_chat_room (id, member_id, chat_room_id) VALUES (313, 7, 65);
INSERT INTO member_chat_room (id, member_id, chat_room_id) VALUES (314, 8, 65);
INSERT INTO member_chat_room (id, member_id, chat_room_id) VALUES (315, 11, 65);
INSERT INTO member_chat_room (id, member_id, chat_room_id) VALUES (316, 4, 66);
INSERT INTO member_chat_room (id, member_id, chat_room_id) VALUES (317, 5, 66);
INSERT INTO member_chat_room (id, member_id, chat_room_id) VALUES (318, 10, 66);
INSERT INTO member_chat_room (id, member_id, chat_room_id) VALUES (319, 11, 66);
INSERT INTO member_chat_room (id, member_id, chat_room_id) VALUES (320, 13, 66);
INSERT INTO member_chat_room (id, member_id, chat_room_id) VALUES (321, 20, 66);
INSERT INTO member_chat_room (id, member_id, chat_room_id) VALUES (322, 7, 67);
INSERT INTO member_chat_room (id, member_id, chat_room_id) VALUES (323, 11, 67);
INSERT INTO member_chat_room (id, member_id, chat_room_id) VALUES (324, 19, 67);
INSERT INTO member_chat_room (id, member_id, chat_room_id) VALUES (325, 1, 68);
INSERT INTO member_chat_room (id, member_id, chat_room_id) VALUES (326, 5, 68);
INSERT INTO member_chat_room (id, member_id, chat_room_id) VALUES (327, 13, 68);
INSERT INTO member_chat_room (id, member_id, chat_room_id) VALUES (328, 14, 68);
INSERT INTO member_chat_room (id, member_id, chat_room_id) VALUES (329, 15, 68);
INSERT INTO member_chat_room (id, member_id, chat_room_id) VALUES (330, 16, 68);
INSERT INTO member_chat_room (id, member_id, chat_room_id) VALUES (331, 8, 69);
INSERT INTO member_chat_room (id, member_id, chat_room_id) VALUES (332, 12, 69);
INSERT INTO member_chat_room (id, member_id, chat_room_id) VALUES (333, 4, 70);
INSERT INTO member_chat_room (id, member_id, chat_room_id) VALUES (334, 6, 70);
INSERT INTO member_chat_room (id, member_id, chat_room_id) VALUES (335, 15, 70);
INSERT INTO member_chat_room (id, member_id, chat_room_id) VALUES (336, 16, 70);
INSERT INTO member_chat_room (id, member_id, chat_room_id) VALUES (337, 5, 71);
INSERT INTO member_chat_room (id, member_id, chat_room_id) VALUES (338, 8, 71);
INSERT INTO member_chat_room (id, member_id, chat_room_id) VALUES (339, 2, 72);
INSERT INTO member_chat_room (id, member_id, chat_room_id) VALUES (340, 4, 72);
INSERT INTO member_chat_room (id, member_id, chat_room_id) VALUES (341, 8, 72);
INSERT INTO member_chat_room (id, member_id, chat_room_id) VALUES (342, 11, 72);
INSERT INTO member_chat_room (id, member_id, chat_room_id) VALUES (343, 12, 72);
INSERT INTO member_chat_room (id, member_id, chat_room_id) VALUES (344, 17, 72);
INSERT INTO member_chat_room (id, member_id, chat_room_id) VALUES (345, 8, 73);
INSERT INTO member_chat_room (id, member_id, chat_room_id) VALUES (346, 11, 73);
INSERT INTO member_chat_room (id, member_id, chat_room_id) VALUES (347, 16, 73);
INSERT INTO member_chat_room (id, member_id, chat_room_id) VALUES (348, 17, 73);
INSERT INTO member_chat_room (id, member_id, chat_room_id) VALUES (349, 3, 74);
INSERT INTO member_chat_room (id, member_id, chat_room_id) VALUES (350, 9, 74);
INSERT INTO member_chat_room (id, member_id, chat_room_id) VALUES (351, 11, 74);
INSERT INTO member_chat_room (id, member_id, chat_room_id) VALUES (352, 14, 74);
INSERT INTO member_chat_room (id, member_id, chat_room_id) VALUES (353, 15, 74);
INSERT INTO member_chat_room (id, member_id, chat_room_id) VALUES (354, 16, 74);
INSERT INTO member_chat_room (id, member_id, chat_room_id) VALUES (355, 1, 75);
INSERT INTO member_chat_room (id, member_id, chat_room_id) VALUES (356, 3, 75);
INSERT INTO member_chat_room (id, member_id, chat_room_id) VALUES (357, 6, 75);
INSERT INTO member_chat_room (id, member_id, chat_room_id) VALUES (358, 14, 75);
INSERT INTO member_chat_room (id, member_id, chat_room_id) VALUES (359, 15, 75);
INSERT INTO member_chat_room (id, member_id, chat_room_id) VALUES (360, 16, 75);
INSERT INTO member_chat_room (id, member_id, chat_room_id) VALUES (361, 17, 75);
INSERT INTO member_chat_room (id, member_id, chat_room_id) VALUES (362, 20, 75);
INSERT INTO member_chat_room (id, member_id, chat_room_id) VALUES (363, 3, 76);
INSERT INTO member_chat_room (id, member_id, chat_room_id) VALUES (364, 4, 76);
INSERT INTO member_chat_room (id, member_id, chat_room_id) VALUES (365, 5, 76);
INSERT INTO member_chat_room (id, member_id, chat_room_id) VALUES (366, 8, 76);
INSERT INTO member_chat_room (id, member_id, chat_room_id) VALUES (367, 10, 76);
INSERT INTO member_chat_room (id, member_id, chat_room_id) VALUES (368, 13, 76);
INSERT INTO member_chat_room (id, member_id, chat_room_id) VALUES (369, 15, 76);
INSERT INTO member_chat_room (id, member_id, chat_room_id) VALUES (370, 16, 76);
INSERT INTO member_chat_room (id, member_id, chat_room_id) VALUES (371, 1, 77);
INSERT INTO member_chat_room (id, member_id, chat_room_id) VALUES (372, 4, 77);
INSERT INTO member_chat_room (id, member_id, chat_room_id) VALUES (373, 12, 77);
INSERT INTO member_chat_room (id, member_id, chat_room_id) VALUES (374, 15, 77);
INSERT INTO member_chat_room (id, member_id, chat_room_id) VALUES (375, 16, 77);
INSERT INTO member_chat_room (id, member_id, chat_room_id) VALUES (376, 6, 78);
INSERT INTO member_chat_room (id, member_id, chat_room_id) VALUES (377, 18, 78);
INSERT INTO member_chat_room (id, member_id, chat_room_id) VALUES (378, 4, 79);
INSERT INTO member_chat_room (id, member_id, chat_room_id) VALUES (379, 7, 79);
INSERT INTO member_chat_room (id, member_id, chat_room_id) VALUES (380, 6, 80);
INSERT INTO member_chat_room (id, member_id, chat_room_id) VALUES (381, 9, 80);
INSERT INTO member_chat_room (id, member_id, chat_room_id) VALUES (382, 11, 80);
INSERT INTO member_chat_room (id, member_id, chat_room_id) VALUES (383, 16, 80);
INSERT INTO member_chat_room (id, member_id, chat_room_id) VALUES (384, 20, 80);
INSERT INTO member_chat_room (id, member_id, chat_room_id) VALUES (385, 4, 81);
INSERT INTO member_chat_room (id, member_id, chat_room_id) VALUES (386, 5, 81);
INSERT INTO member_chat_room (id, member_id, chat_room_id) VALUES (387, 6, 81);
INSERT INTO member_chat_room (id, member_id, chat_room_id) VALUES (388, 7, 81);
INSERT INTO member_chat_room (id, member_id, chat_room_id) VALUES (389, 11, 81);
INSERT INTO member_chat_room (id, member_id, chat_room_id) VALUES (390, 14, 81);
INSERT INTO member_chat_room (id, member_id, chat_room_id) VALUES (391, 2, 82);
INSERT INTO member_chat_room (id, member_id, chat_room_id) VALUES (392, 17, 82);
INSERT INTO member_chat_room (id, member_id, chat_room_id) VALUES (393, 4, 83);
INSERT INTO member_chat_room (id, member_id, chat_room_id) VALUES (394, 6, 83);
INSERT INTO member_chat_room (id, member_id, chat_room_id) VALUES (395, 15, 83);
INSERT INTO member_chat_room (id, member_id, chat_room_id) VALUES (396, 18, 83);
INSERT INTO member_chat_room (id, member_id, chat_room_id) VALUES (397, 19, 83);
INSERT INTO member_chat_room (id, member_id, chat_room_id) VALUES (398, 2, 84);
INSERT INTO member_chat_room (id, member_id, chat_room_id) VALUES (399, 4, 84);
INSERT INTO member_chat_room (id, member_id, chat_room_id) VALUES (400, 6, 84);
INSERT INTO member_chat_room (id, member_id, chat_room_id) VALUES (401, 7, 84);
INSERT INTO member_chat_room (id, member_id, chat_room_id) VALUES (402, 13, 84);
INSERT INTO member_chat_room (id, member_id, chat_room_id) VALUES (403, 14, 84);
INSERT INTO member_chat_room (id, member_id, chat_room_id) VALUES (404, 19, 84);
INSERT INTO member_chat_room (id, member_id, chat_room_id) VALUES (405, 20, 84);
INSERT INTO member_chat_room (id, member_id, chat_room_id) VALUES (406, 2, 85);
INSERT INTO member_chat_room (id, member_id, chat_room_id) VALUES (407, 3, 85);
INSERT INTO member_chat_room (id, member_id, chat_room_id) VALUES (408, 4, 85);
INSERT INTO member_chat_room (id, member_id, chat_room_id) VALUES (409, 11, 85);
INSERT INTO member_chat_room (id, member_id, chat_room_id) VALUES (410, 16, 85);
INSERT INTO member_chat_room (id, member_id, chat_room_id) VALUES (411, 17, 85);
INSERT INTO member_chat_room (id, member_id, chat_room_id) VALUES (412, 1, 86);
INSERT INTO member_chat_room (id, member_id, chat_room_id) VALUES (413, 4, 86);
INSERT INTO member_chat_room (id, member_id, chat_room_id) VALUES (414, 6, 86);
INSERT INTO member_chat_room (id, member_id, chat_room_id) VALUES (415, 7, 86);
INSERT INTO member_chat_room (id, member_id, chat_room_id) VALUES (416, 15, 86);
INSERT INTO member_chat_room (id, member_id, chat_room_id) VALUES (417, 1, 87);
INSERT INTO member_chat_room (id, member_id, chat_room_id) VALUES (418, 4, 87);
INSERT INTO member_chat_room (id, member_id, chat_room_id) VALUES (419, 6, 87);
INSERT INTO member_chat_room (id, member_id, chat_room_id) VALUES (420, 7, 87);
INSERT INTO member_chat_room (id, member_id, chat_room_id) VALUES (421, 11, 87);
INSERT INTO member_chat_room (id, member_id, chat_room_id) VALUES (422, 12, 87);
INSERT INTO member_chat_room (id, member_id, chat_room_id) VALUES (423, 16, 87);
INSERT INTO member_chat_room (id, member_id, chat_room_id) VALUES (424, 1, 88);
INSERT INTO member_chat_room (id, member_id, chat_room_id) VALUES (425, 5, 88);
INSERT INTO member_chat_room (id, member_id, chat_room_id) VALUES (426, 11, 88);
INSERT INTO member_chat_room (id, member_id, chat_room_id) VALUES (427, 12, 88);
INSERT INTO member_chat_room (id, member_id, chat_room_id) VALUES (428, 13, 88);
INSERT INTO member_chat_room (id, member_id, chat_room_id) VALUES (429, 14, 88);
INSERT INTO member_chat_room (id, member_id, chat_room_id) VALUES (430, 16, 88);
INSERT INTO member_chat_room (id, member_id, chat_room_id) VALUES (431, 18, 88);
INSERT INTO member_chat_room (id, member_id, chat_room_id) VALUES (432, 4, 89);
INSERT INTO member_chat_room (id, member_id, chat_room_id) VALUES (433, 7, 89);
INSERT INTO member_chat_room (id, member_id, chat_room_id) VALUES (434, 9, 89);
INSERT INTO member_chat_room (id, member_id, chat_room_id) VALUES (435, 14, 89);
INSERT INTO member_chat_room (id, member_id, chat_room_id) VALUES (436, 16, 89);
INSERT INTO member_chat_room (id, member_id, chat_room_id) VALUES (437, 3, 90);
INSERT INTO member_chat_room (id, member_id, chat_room_id) VALUES (438, 6, 90);
INSERT INTO member_chat_room (id, member_id, chat_room_id) VALUES (439, 7, 90);
INSERT INTO member_chat_room (id, member_id, chat_room_id) VALUES (440, 10, 90);
INSERT INTO member_chat_room (id, member_id, chat_room_id) VALUES (441, 11, 90);
INSERT INTO member_chat_room (id, member_id, chat_room_id) VALUES (442, 13, 90);
INSERT INTO member_chat_room (id, member_id, chat_room_id) VALUES (443, 20, 90);
INSERT INTO member_chat_room (id, member_id, chat_room_id) VALUES (444, 18, 91);
INSERT INTO member_chat_room (id, member_id, chat_room_id) VALUES (445, 19, 91);
INSERT INTO member_chat_room (id, member_id, chat_room_id) VALUES (446, 2, 92);
INSERT INTO member_chat_room (id, member_id, chat_room_id) VALUES (447, 10, 92);
INSERT INTO member_chat_room (id, member_id, chat_room_id) VALUES (448, 17, 92);
INSERT INTO member_chat_room (id, member_id, chat_room_id) VALUES (449, 19, 92);
INSERT INTO member_chat_room (id, member_id, chat_room_id) VALUES (450, 4, 93);
INSERT INTO member_chat_room (id, member_id, chat_room_id) VALUES (451, 5, 93);
INSERT INTO member_chat_room (id, member_id, chat_room_id) VALUES (452, 12, 93);
INSERT INTO member_chat_room (id, member_id, chat_room_id) VALUES (453, 16, 93);
INSERT INTO member_chat_room (id, member_id, chat_room_id) VALUES (454, 20, 93);
INSERT INTO member_chat_room (id, member_id, chat_room_id) VALUES (455, 7, 94);
INSERT INTO member_chat_room (id, member_id, chat_room_id) VALUES (456, 10, 94);
INSERT INTO member_chat_room (id, member_id, chat_room_id) VALUES (457, 15, 94);
INSERT INTO member_chat_room (id, member_id, chat_room_id) VALUES (458, 17, 94);
INSERT INTO member_chat_room (id, member_id, chat_room_id) VALUES (459, 18, 94);
INSERT INTO member_chat_room (id, member_id, chat_room_id) VALUES (460, 1, 95);
INSERT INTO member_chat_room (id, member_id, chat_room_id) VALUES (461, 2, 95);
INSERT INTO member_chat_room (id, member_id, chat_room_id) VALUES (462, 4, 95);
INSERT INTO member_chat_room (id, member_id, chat_room_id) VALUES (463, 11, 95);
INSERT INTO member_chat_room (id, member_id, chat_room_id) VALUES (464, 12, 95);
INSERT INTO member_chat_room (id, member_id, chat_room_id) VALUES (465, 15, 95);
INSERT INTO member_chat_room (id, member_id, chat_room_id) VALUES (466, 17, 95);
INSERT INTO member_chat_room (id, member_id, chat_room_id) VALUES (467, 20, 95);
INSERT INTO member_chat_room (id, member_id, chat_room_id) VALUES (468, 7, 96);
INSERT INTO member_chat_room (id, member_id, chat_room_id) VALUES (469, 8, 96);
INSERT INTO member_chat_room (id, member_id, chat_room_id) VALUES (470, 9, 96);
INSERT INTO member_chat_room (id, member_id, chat_room_id) VALUES (471, 10, 96);
INSERT INTO member_chat_room (id, member_id, chat_room_id) VALUES (472, 13, 96);
INSERT INTO member_chat_room (id, member_id, chat_room_id) VALUES (473, 17, 96);
INSERT INTO member_chat_room (id, member_id, chat_room_id) VALUES (474, 18, 96);
INSERT INTO member_chat_room (id, member_id, chat_room_id) VALUES (475, 4, 97);
INSERT INTO member_chat_room (id, member_id, chat_room_id) VALUES (476, 16, 97);
INSERT INTO member_chat_room (id, member_id, chat_room_id) VALUES (477, 3, 98);
INSERT INTO member_chat_room (id, member_id, chat_room_id) VALUES (478, 6, 98);
INSERT INTO member_chat_room (id, member_id, chat_room_id) VALUES (479, 9, 98);
INSERT INTO member_chat_room (id, member_id, chat_room_id) VALUES (480, 11, 98);
INSERT INTO member_chat_room (id, member_id, chat_room_id) VALUES (481, 12, 98);
INSERT INTO member_chat_room (id, member_id, chat_room_id) VALUES (482, 15, 98);
INSERT INTO member_chat_room (id, member_id, chat_room_id) VALUES (483, 16, 98);
INSERT INTO member_chat_room (id, member_id, chat_room_id) VALUES (484, 17, 98);
INSERT INTO member_chat_room (id, member_id, chat_room_id) VALUES (485, 2, 99);
INSERT INTO member_chat_room (id, member_id, chat_room_id) VALUES (486, 4, 99);
INSERT INTO member_chat_room (id, member_id, chat_room_id) VALUES (487, 5, 99);
INSERT INTO member_chat_room (id, member_id, chat_room_id) VALUES (488, 8, 99);
INSERT INTO member_chat_room (id, member_id, chat_room_id) VALUES (489, 9, 99);
INSERT INTO member_chat_room (id, member_id, chat_room_id) VALUES (490, 16, 99);
INSERT INTO member_chat_room (id, member_id, chat_room_id) VALUES (491, 18, 99);
INSERT INTO member_chat_room (id, member_id, chat_room_id) VALUES (492, 20, 99);
INSERT INTO member_chat_room (id, member_id, chat_room_id) VALUES (493, 4, 100);
INSERT INTO member_chat_room (id, member_id, chat_room_id) VALUES (494, 5, 100);
INSERT INTO member_chat_room (id, member_id, chat_room_id) VALUES (495, 8, 100);
INSERT INTO member_chat_room (id, member_id, chat_room_id) VALUES (496, 15, 100);
INSERT INTO member_chat_room (id, member_id, chat_room_id) VALUES (497, 16, 100);
INSERT INTO member_chat_room (id, member_id, chat_room_id) VALUES (498, 19, 100);


INSERT INTO message (id, type, created_at, unread_count, contents, chat_room_id, member_id) VALUES (1, 'TEXT', NOW(), 3, 'Message 1 in ChatRoom1', 1, 1);
INSERT INTO message (id, type, created_at, unread_count, contents, chat_room_id, member_id) VALUES (2, 'TEXT', NOW(), 3, 'Message 2 in ChatRoom1', 1, 16);
INSERT INTO message (id, type, created_at, unread_count, contents, chat_room_id, member_id) VALUES (3, 'TEXT', NOW(), 3, 'Message 3 in ChatRoom1', 1, 1);
INSERT INTO message (id, type, created_at, unread_count, contents, chat_room_id, member_id) VALUES (4, 'TEXT', NOW(), 3, 'Message 4 in ChatRoom1', 1, 1);
INSERT INTO message (id, type, created_at, unread_count, contents, chat_room_id, member_id) VALUES (5, 'TEXT', NOW(), 3, 'Message 5 in ChatRoom1', 1, 16);
INSERT INTO message (id, type, created_at, unread_count, contents, chat_room_id, member_id) VALUES (6, 'TEXT', NOW(), 3, 'Message 6 in ChatRoom1', 1, 16);
INSERT INTO message (id, type, created_at, unread_count, contents, chat_room_id, member_id) VALUES (7, 'TEXT', NOW(), 3, 'Message 7 in ChatRoom1', 1, 1);
INSERT INTO message (id, type, created_at, unread_count, contents, chat_room_id, member_id) VALUES (8, 'TEXT', NOW(), 3, 'Message 8 in ChatRoom1', 1, 1);
INSERT INTO message (id, type, created_at, unread_count, contents, chat_room_id, member_id) VALUES (9, 'TEXT', NOW(), 3, 'Message 9 in ChatRoom1', 1, 1);
INSERT INTO message (id, type, created_at, unread_count, contents, chat_room_id, member_id) VALUES (10, 'TEXT', NOW(), 3, 'Message 10 in ChatRoom1', 1, 16);
INSERT INTO message (id, type, created_at, unread_count, contents, chat_room_id, member_id) VALUES (11, 'TEXT', NOW(), 4, 'Message 11 in ChatRoom2', 2, 20);
INSERT INTO message (id, type, created_at, unread_count, contents, chat_room_id, member_id) VALUES (12, 'TEXT', NOW(), 4, 'Message 12 in ChatRoom2', 2, 20);
INSERT INTO message (id, type, created_at, unread_count, contents, chat_room_id, member_id) VALUES (13, 'TEXT', NOW(), 4, 'Message 13 in ChatRoom2', 2, 16);
INSERT INTO message (id, type, created_at, unread_count, contents, chat_room_id, member_id) VALUES (14, 'TEXT', NOW(), 4, 'Message 14 in ChatRoom2', 2, 12);
INSERT INTO message (id, type, created_at, unread_count, contents, chat_room_id, member_id) VALUES (15, 'TEXT', NOW(), 4, 'Message 15 in ChatRoom2', 2, 16);
INSERT INTO message (id, type, created_at, unread_count, contents, chat_room_id, member_id) VALUES (16, 'TEXT', NOW(), 4, 'Message 16 in ChatRoom2', 2, 12);
INSERT INTO message (id, type, created_at, unread_count, contents, chat_room_id, member_id) VALUES (17, 'TEXT', NOW(), 4, 'Message 17 in ChatRoom2', 2, 16);
INSERT INTO message (id, type, created_at, unread_count, contents, chat_room_id, member_id) VALUES (18, 'TEXT', NOW(), 4, 'Message 18 in ChatRoom2', 2, 9);
INSERT INTO message (id, type, created_at, unread_count, contents, chat_room_id, member_id) VALUES (19, 'TEXT', NOW(), 4, 'Message 19 in ChatRoom2', 2, 9);
INSERT INTO message (id, type, created_at, unread_count, contents, chat_room_id, member_id) VALUES (20, 'TEXT', NOW(), 4, 'Message 20 in ChatRoom2', 2, 16);
INSERT INTO message (id, type, created_at, unread_count, contents, chat_room_id, member_id) VALUES (21, 'TEXT', NOW(), 6, 'Message 21 in ChatRoom3', 3, 2);
INSERT INTO message (id, type, created_at, unread_count, contents, chat_room_id, member_id) VALUES (22, 'TEXT', NOW(), 6, 'Message 22 in ChatRoom3', 3, 12);
INSERT INTO message (id, type, created_at, unread_count, contents, chat_room_id, member_id) VALUES (23, 'TEXT', NOW(), 6, 'Message 23 in ChatRoom3', 3, 2);
INSERT INTO message (id, type, created_at, unread_count, contents, chat_room_id, member_id) VALUES (24, 'TEXT', NOW(), 6, 'Message 24 in ChatRoom3', 3, 2);
INSERT INTO message (id, type, created_at, unread_count, contents, chat_room_id, member_id) VALUES (25, 'TEXT', NOW(), 5, 'Message 25 in ChatRoom4', 4, 19);
INSERT INTO message (id, type, created_at, unread_count, contents, chat_room_id, member_id) VALUES (26, 'TEXT', NOW(), 5, 'Message 26 in ChatRoom4', 4, 19);
INSERT INTO message (id, type, created_at, unread_count, contents, chat_room_id, member_id) VALUES (27, 'TEXT', NOW(), 5, 'Message 27 in ChatRoom4', 4, 11);
INSERT INTO message (id, type, created_at, unread_count, contents, chat_room_id, member_id) VALUES (28, 'TEXT', NOW(), 5, 'Message 28 in ChatRoom4', 4, 16);
INSERT INTO message (id, type, created_at, unread_count, contents, chat_room_id, member_id) VALUES (29, 'TEXT', NOW(), 3, 'Message 29 in ChatRoom5', 5, 1);
INSERT INTO message (id, type, created_at, unread_count, contents, chat_room_id, member_id) VALUES (30, 'TEXT', NOW(), 5, 'Message 30 in ChatRoom6', 6, 12);
INSERT INTO message (id, type, created_at, unread_count, contents, chat_room_id, member_id) VALUES (31, 'TEXT', NOW(), 5, 'Message 31 in ChatRoom6', 6, 12);
INSERT INTO message (id, type, created_at, unread_count, contents, chat_room_id, member_id) VALUES (32, 'TEXT', NOW(), 5, 'Message 32 in ChatRoom6', 6, 12);
INSERT INTO message (id, type, created_at, unread_count, contents, chat_room_id, member_id) VALUES (33, 'TEXT', NOW(), 5, 'Message 33 in ChatRoom6', 6, 6);
INSERT INTO message (id, type, created_at, unread_count, contents, chat_room_id, member_id) VALUES (34, 'TEXT', NOW(), 5, 'Message 34 in ChatRoom6', 6, 12);
INSERT INTO message (id, type, created_at, unread_count, contents, chat_room_id, member_id) VALUES (35, 'TEXT', NOW(), 5, 'Message 35 in ChatRoom6', 6, 3);
INSERT INTO message (id, type, created_at, unread_count, contents, chat_room_id, member_id) VALUES (36, 'TEXT', NOW(), 6, 'Message 36 in ChatRoom7', 7, 5);
INSERT INTO message (id, type, created_at, unread_count, contents, chat_room_id, member_id) VALUES (37, 'TEXT', NOW(), 6, 'Message 37 in ChatRoom7', 7, 20);
INSERT INTO message (id, type, created_at, unread_count, contents, chat_room_id, member_id) VALUES (38, 'TEXT', NOW(), 6, 'Message 38 in ChatRoom7', 7, 5);
INSERT INTO message (id, type, created_at, unread_count, contents, chat_room_id, member_id) VALUES (39, 'TEXT', NOW(), 6, 'Message 39 in ChatRoom7', 7, 15);
INSERT INTO message (id, type, created_at, unread_count, contents, chat_room_id, member_id) VALUES (40, 'TEXT', NOW(), 6, 'Message 40 in ChatRoom7', 7, 20);
INSERT INTO message (id, type, created_at, unread_count, contents, chat_room_id, member_id) VALUES (41, 'TEXT', NOW(), 6, 'Message 41 in ChatRoom7', 7, 18);
INSERT INTO message (id, type, created_at, unread_count, contents, chat_room_id, member_id) VALUES (42, 'TEXT', NOW(), 6, 'Message 42 in ChatRoom7', 7, 20);
INSERT INTO message (id, type, created_at, unread_count, contents, chat_room_id, member_id) VALUES (43, 'TEXT', NOW(), 6, 'Message 43 in ChatRoom7', 7, 4);
INSERT INTO message (id, type, created_at, unread_count, contents, chat_room_id, member_id) VALUES (44, 'TEXT', NOW(), 6, 'Message 44 in ChatRoom7', 7, 4);
INSERT INTO message (id, type, created_at, unread_count, contents, chat_room_id, member_id) VALUES (45, 'TEXT', NOW(), 6, 'Message 45 in ChatRoom7', 7, 10);
INSERT INTO message (id, type, created_at, unread_count, contents, chat_room_id, member_id) VALUES (46, 'TEXT', NOW(), 5, 'Message 46 in ChatRoom8', 8, 1);
INSERT INTO message (id, type, created_at, unread_count, contents, chat_room_id, member_id) VALUES (47, 'TEXT', NOW(), 5, 'Message 47 in ChatRoom8', 8, 19);
INSERT INTO message (id, type, created_at, unread_count, contents, chat_room_id, member_id) VALUES (48, 'TEXT', NOW(), 5, 'Message 48 in ChatRoom8', 8, 10);
INSERT INTO message (id, type, created_at, unread_count, contents, chat_room_id, member_id) VALUES (49, 'TEXT', NOW(), 5, 'Message 49 in ChatRoom8', 8, 12);
INSERT INTO message (id, type, created_at, unread_count, contents, chat_room_id, member_id) VALUES (50, 'TEXT', NOW(), 3, 'Message 50 in ChatRoom9', 9, 7);
INSERT INTO message (id, type, created_at, unread_count, contents, chat_room_id, member_id) VALUES (51, 'TEXT', NOW(), 3, 'Message 51 in ChatRoom9', 9, 7);
INSERT INTO message (id, type, created_at, unread_count, contents, chat_room_id, member_id) VALUES (52, 'TEXT', NOW(), 3, 'Message 52 in ChatRoom9', 9, 2);
INSERT INTO message (id, type, created_at, unread_count, contents, chat_room_id, member_id) VALUES (53, 'TEXT', NOW(), 3, 'Message 53 in ChatRoom9', 9, 17);
INSERT INTO message (id, type, created_at, unread_count, contents, chat_room_id, member_id) VALUES (54, 'TEXT', NOW(), 3, 'Message 54 in ChatRoom9', 9, 17);
INSERT INTO message (id, type, created_at, unread_count, contents, chat_room_id, member_id) VALUES (55, 'TEXT', NOW(), 3, 'Message 55 in ChatRoom9', 9, 7);
INSERT INTO message (id, type, created_at, unread_count, contents, chat_room_id, member_id) VALUES (56, 'TEXT', NOW(), 3, 'Message 56 in ChatRoom9', 9, 2);
INSERT INTO message (id, type, created_at, unread_count, contents, chat_room_id, member_id) VALUES (57, 'TEXT', NOW(), 3, 'Message 57 in ChatRoom9', 9, 2);
INSERT INTO message (id, type, created_at, unread_count, contents, chat_room_id, member_id) VALUES (58, 'TEXT', NOW(), 3, 'Message 58 in ChatRoom9', 9, 2);
INSERT INTO message (id, type, created_at, unread_count, contents, chat_room_id, member_id) VALUES (59, 'TEXT', NOW(), 3, 'Message 59 in ChatRoom9', 9, 17);
INSERT INTO message (id, type, created_at, unread_count, contents, chat_room_id, member_id) VALUES (60, 'TEXT', NOW(), 4, 'Message 60 in ChatRoom10', 10, 20);
INSERT INTO message (id, type, created_at, unread_count, contents, chat_room_id, member_id) VALUES (61, 'TEXT', NOW(), 4, 'Message 61 in ChatRoom10', 10, 9);
INSERT INTO message (id, type, created_at, unread_count, contents, chat_room_id, member_id) VALUES (62, 'TEXT', NOW(), 4, 'Message 62 in ChatRoom10', 10, 20);
INSERT INTO message (id, type, created_at, unread_count, contents, chat_room_id, member_id) VALUES (63, 'TEXT', NOW(), 4, 'Message 63 in ChatRoom10', 10, 20);
INSERT INTO message (id, type, created_at, unread_count, contents, chat_room_id, member_id) VALUES (64, 'TEXT', NOW(), 4, 'Message 64 in ChatRoom10', 10, 17);
INSERT INTO message (id, type, created_at, unread_count, contents, chat_room_id, member_id) VALUES (65, 'TEXT', NOW(), 4, 'Message 65 in ChatRoom10', 10, 9);
INSERT INTO message (id, type, created_at, unread_count, contents, chat_room_id, member_id) VALUES (66, 'TEXT', NOW(), 4, 'Message 66 in ChatRoom10', 10, 17);
INSERT INTO message (id, type, created_at, unread_count, contents, chat_room_id, member_id) VALUES (67, 'TEXT', NOW(), 4, 'Message 67 in ChatRoom10', 10, 9);
INSERT INTO message (id, type, created_at, unread_count, contents, chat_room_id, member_id) VALUES (68, 'TEXT', NOW(), 4, 'Message 68 in ChatRoom10', 10, 20);
INSERT INTO message (id, type, created_at, unread_count, contents, chat_room_id, member_id) VALUES (69, 'TEXT', NOW(), 4, 'Message 69 in ChatRoom10', 10, 20);
INSERT INTO message (id, type, created_at, unread_count, contents, chat_room_id, member_id) VALUES (70, 'TEXT', NOW(), 6, 'Message 70 in ChatRoom11', 11, 15);
INSERT INTO message (id, type, created_at, unread_count, contents, chat_room_id, member_id) VALUES (71, 'TEXT', NOW(), 6, 'Message 71 in ChatRoom11', 11, 6);
INSERT INTO message (id, type, created_at, unread_count, contents, chat_room_id, member_id) VALUES (72, 'TEXT', NOW(), 6, 'Message 72 in ChatRoom11', 11, 5);
INSERT INTO message (id, type, created_at, unread_count, contents, chat_room_id, member_id) VALUES (73, 'TEXT', NOW(), 6, 'Message 73 in ChatRoom11', 11, 20);
INSERT INTO message (id, type, created_at, unread_count, contents, chat_room_id, member_id) VALUES (74, 'TEXT', NOW(), 4, 'Message 74 in ChatRoom12', 12, 4);
INSERT INTO message (id, type, created_at, unread_count, contents, chat_room_id, member_id) VALUES (75, 'TEXT', NOW(), 4, 'Message 75 in ChatRoom12', 12, 13);
INSERT INTO message (id, type, created_at, unread_count, contents, chat_room_id, member_id) VALUES (76, 'TEXT', NOW(), 4, 'Message 76 in ChatRoom12', 12, 3);
INSERT INTO message (id, type, created_at, unread_count, contents, chat_room_id, member_id) VALUES (77, 'TEXT', NOW(), 4, 'Message 77 in ChatRoom12', 12, 13);
INSERT INTO message (id, type, created_at, unread_count, contents, chat_room_id, member_id) VALUES (78, 'TEXT', NOW(), 4, 'Message 78 in ChatRoom12', 12, 3);
INSERT INTO message (id, type, created_at, unread_count, contents, chat_room_id, member_id) VALUES (79, 'TEXT', NOW(), 4, 'Message 79 in ChatRoom12', 12, 13);
INSERT INTO message (id, type, created_at, unread_count, contents, chat_room_id, member_id) VALUES (80, 'TEXT', NOW(), 4, 'Message 80 in ChatRoom12', 12, 4);
INSERT INTO message (id, type, created_at, unread_count, contents, chat_room_id, member_id) VALUES (81, 'TEXT', NOW(), 4, 'Message 81 in ChatRoom12', 12, 4);
INSERT INTO message (id, type, created_at, unread_count, contents, chat_room_id, member_id) VALUES (82, 'TEXT', NOW(), 4, 'Message 82 in ChatRoom12', 12, 3);
INSERT INTO message (id, type, created_at, unread_count, contents, chat_room_id, member_id) VALUES (83, 'TEXT', NOW(), 4, 'Message 83 in ChatRoom12', 12, 20);
INSERT INTO message (id, type, created_at, unread_count, contents, chat_room_id, member_id) VALUES (84, 'TEXT', NOW(), 6, 'Message 84 in ChatRoom13', 13, 8);
INSERT INTO message (id, type, created_at, unread_count, contents, chat_room_id, member_id) VALUES (85, 'TEXT', NOW(), 6, 'Message 85 in ChatRoom13', 13, 19);
INSERT INTO message (id, type, created_at, unread_count, contents, chat_room_id, member_id) VALUES (86, 'TEXT', NOW(), 6, 'Message 86 in ChatRoom13', 13, 15);
INSERT INTO message (id, type, created_at, unread_count, contents, chat_room_id, member_id) VALUES (87, 'TEXT', NOW(), 6, 'Message 87 in ChatRoom13', 13, 9);
INSERT INTO message (id, type, created_at, unread_count, contents, chat_room_id, member_id) VALUES (88, 'TEXT', NOW(), 6, 'Message 88 in ChatRoom13', 13, 15);
INSERT INTO message (id, type, created_at, unread_count, contents, chat_room_id, member_id) VALUES (89, 'TEXT', NOW(), 6, 'Message 89 in ChatRoom13', 13, 8);
INSERT INTO message (id, type, created_at, unread_count, contents, chat_room_id, member_id) VALUES (90, 'TEXT', NOW(), 6, 'Message 90 in ChatRoom13', 13, 19);
INSERT INTO message (id, type, created_at, unread_count, contents, chat_room_id, member_id) VALUES (91, 'TEXT', NOW(), 6, 'Message 91 in ChatRoom13', 13, 8);
INSERT INTO message (id, type, created_at, unread_count, contents, chat_room_id, member_id) VALUES (92, 'TEXT', NOW(), 3, 'Message 92 in ChatRoom14', 14, 17);
INSERT INTO message (id, type, created_at, unread_count, contents, chat_room_id, member_id) VALUES (93, 'TEXT', NOW(), 3, 'Message 93 in ChatRoom14', 14, 17);
INSERT INTO message (id, type, created_at, unread_count, contents, chat_room_id, member_id) VALUES (94, 'TEXT', NOW(), 3, 'Message 94 in ChatRoom14', 14, 1);
INSERT INTO message (id, type, created_at, unread_count, contents, chat_room_id, member_id) VALUES (95, 'TEXT', NOW(), 3, 'Message 95 in ChatRoom14', 14, 1);
INSERT INTO message (id, type, created_at, unread_count, contents, chat_room_id, member_id) VALUES (96, 'TEXT', NOW(), 7, 'Message 96 in ChatRoom15', 15, 1);
INSERT INTO message (id, type, created_at, unread_count, contents, chat_room_id, member_id) VALUES (97, 'TEXT', NOW(), 7, 'Message 97 in ChatRoom15', 15, 15);
INSERT INTO message (id, type, created_at, unread_count, contents, chat_room_id, member_id) VALUES (98, 'TEXT', NOW(), 7, 'Message 98 in ChatRoom15', 15, 1);
INSERT INTO message (id, type, created_at, unread_count, contents, chat_room_id, member_id) VALUES (99, 'TEXT', NOW(), 7, 'Message 99 in ChatRoom15', 15, 17);
INSERT INTO message (id, type, created_at, unread_count, contents, chat_room_id, member_id) VALUES (100, 'TEXT', NOW(), 7, 'Message 100 in ChatRoom15', 15, 8);
INSERT INTO message (id, type, created_at, unread_count, contents, chat_room_id, member_id) VALUES (101, 'TEXT', NOW(), 8, 'Message 101 in ChatRoom17', 17, 7);
INSERT INTO message (id, type, created_at, unread_count, contents, chat_room_id, member_id) VALUES (102, 'TEXT', NOW(), 8, 'Message 102 in ChatRoom17', 17, 10);
INSERT INTO message (id, type, created_at, unread_count, contents, chat_room_id, member_id) VALUES (103, 'TEXT', NOW(), 8, 'Message 103 in ChatRoom17', 17, 19);
INSERT INTO message (id, type, created_at, unread_count, contents, chat_room_id, member_id) VALUES (104, 'TEXT', NOW(), 8, 'Message 104 in ChatRoom17', 17, 9);
INSERT INTO message (id, type, created_at, unread_count, contents, chat_room_id, member_id) VALUES (105, 'TEXT', NOW(), 8, 'Message 105 in ChatRoom17', 17, 10);
INSERT INTO message (id, type, created_at, unread_count, contents, chat_room_id, member_id) VALUES (106, 'TEXT', NOW(), 7, 'Message 106 in ChatRoom18', 18, 7);
INSERT INTO message (id, type, created_at, unread_count, contents, chat_room_id, member_id) VALUES (107, 'TEXT', NOW(), 7, 'Message 107 in ChatRoom18', 18, 1);
INSERT INTO message (id, type, created_at, unread_count, contents, chat_room_id, member_id) VALUES (108, 'TEXT', NOW(), 7, 'Message 108 in ChatRoom18', 18, 8);
INSERT INTO message (id, type, created_at, unread_count, contents, chat_room_id, member_id) VALUES (109, 'TEXT', NOW(), 7, 'Message 109 in ChatRoom18', 18, 13);
INSERT INTO message (id, type, created_at, unread_count, contents, chat_room_id, member_id) VALUES (110, 'TEXT', NOW(), 7, 'Message 110 in ChatRoom18', 18, 20);
INSERT INTO message (id, type, created_at, unread_count, contents, chat_room_id, member_id) VALUES (111, 'TEXT', NOW(), 7, 'Message 111 in ChatRoom18', 18, 17);
INSERT INTO message (id, type, created_at, unread_count, contents, chat_room_id, member_id) VALUES (112, 'TEXT', NOW(), 8, 'Message 112 in ChatRoom20', 20, 16);
INSERT INTO message (id, type, created_at, unread_count, contents, chat_room_id, member_id) VALUES (113, 'TEXT', NOW(), 8, 'Message 113 in ChatRoom20', 20, 12);
INSERT INTO message (id, type, created_at, unread_count, contents, chat_room_id, member_id) VALUES (114, 'TEXT', NOW(), 8, 'Message 114 in ChatRoom20', 20, 12);
INSERT INTO message (id, type, created_at, unread_count, contents, chat_room_id, member_id) VALUES (115, 'TEXT', NOW(), 8, 'Message 115 in ChatRoom20', 20, 20);
INSERT INTO message (id, type, created_at, unread_count, contents, chat_room_id, member_id) VALUES (116, 'TEXT', NOW(), 8, 'Message 116 in ChatRoom20', 20, 17);
INSERT INTO message (id, type, created_at, unread_count, contents, chat_room_id, member_id) VALUES (117, 'TEXT', NOW(), 8, 'Message 117 in ChatRoom20', 20, 15);
INSERT INTO message (id, type, created_at, unread_count, contents, chat_room_id, member_id) VALUES (118, 'TEXT', NOW(), 8, 'Message 118 in ChatRoom21', 21, 4);
INSERT INTO message (id, type, created_at, unread_count, contents, chat_room_id, member_id) VALUES (119, 'TEXT', NOW(), 8, 'Message 119 in ChatRoom21', 21, 4);
INSERT INTO message (id, type, created_at, unread_count, contents, chat_room_id, member_id) VALUES (120, 'TEXT', NOW(), 8, 'Message 120 in ChatRoom21', 21, 1);
INSERT INTO message (id, type, created_at, unread_count, contents, chat_room_id, member_id) VALUES (121, 'TEXT', NOW(), 5, 'Message 121 in ChatRoom22', 22, 3);
INSERT INTO message (id, type, created_at, unread_count, contents, chat_room_id, member_id) VALUES (122, 'TEXT', NOW(), 5, 'Message 122 in ChatRoom22', 22, 14);
INSERT INTO message (id, type, created_at, unread_count, contents, chat_room_id, member_id) VALUES (123, 'TEXT', NOW(), 5, 'Message 123 in ChatRoom22', 22, 3);
INSERT INTO message (id, type, created_at, unread_count, contents, chat_room_id, member_id) VALUES (124, 'TEXT', NOW(), 3, 'Message 124 in ChatRoom24', 24, 6);
INSERT INTO message (id, type, created_at, unread_count, contents, chat_room_id, member_id) VALUES (125, 'TEXT', NOW(), 3, 'Message 125 in ChatRoom24', 24, 6);
INSERT INTO message (id, type, created_at, unread_count, contents, chat_room_id, member_id) VALUES (126, 'TEXT', NOW(), 8, 'Message 126 in ChatRoom25', 25, 6);
INSERT INTO message (id, type, created_at, unread_count, contents, chat_room_id, member_id) VALUES (127, 'TEXT', NOW(), 8, 'Message 127 in ChatRoom25', 25, 20);
INSERT INTO message (id, type, created_at, unread_count, contents, chat_room_id, member_id) VALUES (128, 'TEXT', NOW(), 8, 'Message 128 in ChatRoom25', 25, 5);
INSERT INTO message (id, type, created_at, unread_count, contents, chat_room_id, member_id) VALUES (129, 'TEXT', NOW(), 8, 'Message 129 in ChatRoom25', 25, 5);
INSERT INTO message (id, type, created_at, unread_count, contents, chat_room_id, member_id) VALUES (130, 'TEXT', NOW(), 8, 'Message 130 in ChatRoom25', 25, 1);
INSERT INTO message (id, type, created_at, unread_count, contents, chat_room_id, member_id) VALUES (131, 'TEXT', NOW(), 8, 'Message 131 in ChatRoom25', 25, 1);
INSERT INTO message (id, type, created_at, unread_count, contents, chat_room_id, member_id) VALUES (132, 'TEXT', NOW(), 8, 'Message 132 in ChatRoom25', 25, 20);
INSERT INTO message (id, type, created_at, unread_count, contents, chat_room_id, member_id) VALUES (133, 'TEXT', NOW(), 3, 'Message 133 in ChatRoom26', 26, 8);
INSERT INTO message (id, type, created_at, unread_count, contents, chat_room_id, member_id) VALUES (134, 'TEXT', NOW(), 3, 'Message 134 in ChatRoom26', 26, 20);
INSERT INTO message (id, type, created_at, unread_count, contents, chat_room_id, member_id) VALUES (135, 'TEXT', NOW(), 3, 'Message 135 in ChatRoom26', 26, 8);
INSERT INTO message (id, type, created_at, unread_count, contents, chat_room_id, member_id) VALUES (136, 'TEXT', NOW(), 3, 'Message 136 in ChatRoom26', 26, 20);
INSERT INTO message (id, type, created_at, unread_count, contents, chat_room_id, member_id) VALUES (137, 'TEXT', NOW(), 3, 'Message 137 in ChatRoom26', 26, 20);
INSERT INTO message (id, type, created_at, unread_count, contents, chat_room_id, member_id) VALUES (138, 'TEXT', NOW(), 3, 'Message 138 in ChatRoom26', 26, 14);
INSERT INTO message (id, type, created_at, unread_count, contents, chat_room_id, member_id) VALUES (139, 'TEXT', NOW(), 3, 'Message 139 in ChatRoom26', 26, 20);
INSERT INTO message (id, type, created_at, unread_count, contents, chat_room_id, member_id) VALUES (140, 'TEXT', NOW(), 3, 'Message 140 in ChatRoom26', 26, 20);
INSERT INTO message (id, type, created_at, unread_count, contents, chat_room_id, member_id) VALUES (141, 'TEXT', NOW(), 5, 'Message 141 in ChatRoom27', 27, 1);
INSERT INTO message (id, type, created_at, unread_count, contents, chat_room_id, member_id) VALUES (142, 'TEXT', NOW(), 5, 'Message 142 in ChatRoom27', 27, 14);
INSERT INTO message (id, type, created_at, unread_count, contents, chat_room_id, member_id) VALUES (143, 'TEXT', NOW(), 5, 'Message 143 in ChatRoom27', 27, 14);
INSERT INTO message (id, type, created_at, unread_count, contents, chat_room_id, member_id) VALUES (144, 'TEXT', NOW(), 5, 'Message 144 in ChatRoom27', 27, 7);
INSERT INTO message (id, type, created_at, unread_count, contents, chat_room_id, member_id) VALUES (145, 'TEXT', NOW(), 5, 'Message 145 in ChatRoom27', 27, 7);
INSERT INTO message (id, type, created_at, unread_count, contents, chat_room_id, member_id) VALUES (146, 'TEXT', NOW(), 5, 'Message 146 in ChatRoom27', 27, 7);
INSERT INTO message (id, type, created_at, unread_count, contents, chat_room_id, member_id) VALUES (147, 'TEXT', NOW(), 5, 'Message 147 in ChatRoom27', 27, 5);
INSERT INTO message (id, type, created_at, unread_count, contents, chat_room_id, member_id) VALUES (148, 'TEXT', NOW(), 5, 'Message 148 in ChatRoom27', 27, 7);
INSERT INTO message (id, type, created_at, unread_count, contents, chat_room_id, member_id) VALUES (149, 'TEXT', NOW(), 5, 'Message 149 in ChatRoom27', 27, 7);
INSERT INTO message (id, type, created_at, unread_count, contents, chat_room_id, member_id) VALUES (150, 'TEXT', NOW(), 2, 'Message 150 in ChatRoom29', 29, 6);
INSERT INTO message (id, type, created_at, unread_count, contents, chat_room_id, member_id) VALUES (151, 'TEXT', NOW(), 2, 'Message 151 in ChatRoom29', 29, 6);
INSERT INTO message (id, type, created_at, unread_count, contents, chat_room_id, member_id) VALUES (152, 'TEXT', NOW(), 2, 'Message 152 in ChatRoom29', 29, 11);
INSERT INTO message (id, type, created_at, unread_count, contents, chat_room_id, member_id) VALUES (153, 'TEXT', NOW(), 2, 'Message 153 in ChatRoom29', 29, 11);
INSERT INTO message (id, type, created_at, unread_count, contents, chat_room_id, member_id) VALUES (154, 'TEXT', NOW(), 2, 'Message 154 in ChatRoom29', 29, 6);
INSERT INTO message (id, type, created_at, unread_count, contents, chat_room_id, member_id) VALUES (155, 'TEXT', NOW(), 2, 'Message 155 in ChatRoom29', 29, 11);
INSERT INTO message (id, type, created_at, unread_count, contents, chat_room_id, member_id) VALUES (156, 'TEXT', NOW(), 2, 'Message 156 in ChatRoom29', 29, 11);
INSERT INTO message (id, type, created_at, unread_count, contents, chat_room_id, member_id) VALUES (157, 'TEXT', NOW(), 2, 'Message 157 in ChatRoom30', 30, 7);
INSERT INTO message (id, type, created_at, unread_count, contents, chat_room_id, member_id) VALUES (158, 'TEXT', NOW(), 2, 'Message 158 in ChatRoom30', 30, 13);
INSERT INTO message (id, type, created_at, unread_count, contents, chat_room_id, member_id) VALUES (159, 'TEXT', NOW(), 2, 'Message 159 in ChatRoom30', 30, 7);
INSERT INTO message (id, type, created_at, unread_count, contents, chat_room_id, member_id) VALUES (160, 'TEXT', NOW(), 2, 'Message 160 in ChatRoom30', 30, 13);
INSERT INTO message (id, type, created_at, unread_count, contents, chat_room_id, member_id) VALUES (161, 'TEXT', NOW(), 8, 'Message 161 in ChatRoom31', 31, 5);
INSERT INTO message (id, type, created_at, unread_count, contents, chat_room_id, member_id) VALUES (162, 'TEXT', NOW(), 2, 'Message 162 in ChatRoom32', 32, 3);
INSERT INTO message (id, type, created_at, unread_count, contents, chat_room_id, member_id) VALUES (163, 'TEXT', NOW(), 2, 'Message 163 in ChatRoom32', 32, 15);
INSERT INTO message (id, type, created_at, unread_count, contents, chat_room_id, member_id) VALUES (164, 'TEXT', NOW(), 2, 'Message 164 in ChatRoom32', 32, 15);
INSERT INTO message (id, type, created_at, unread_count, contents, chat_room_id, member_id) VALUES (165, 'TEXT', NOW(), 2, 'Message 165 in ChatRoom32', 32, 15);
INSERT INTO message (id, type, created_at, unread_count, contents, chat_room_id, member_id) VALUES (166, 'TEXT', NOW(), 2, 'Message 166 in ChatRoom34', 34, 19);
INSERT INTO message (id, type, created_at, unread_count, contents, chat_room_id, member_id) VALUES (167, 'TEXT', NOW(), 3, 'Message 167 in ChatRoom37', 37, 4);
INSERT INTO message (id, type, created_at, unread_count, contents, chat_room_id, member_id) VALUES (168, 'TEXT', NOW(), 3, 'Message 168 in ChatRoom37', 37, 4);
INSERT INTO message (id, type, created_at, unread_count, contents, chat_room_id, member_id) VALUES (169, 'TEXT', NOW(), 3, 'Message 169 in ChatRoom37', 37, 13);
INSERT INTO message (id, type, created_at, unread_count, contents, chat_room_id, member_id) VALUES (170, 'TEXT', NOW(), 3, 'Message 170 in ChatRoom37', 37, 13);
INSERT INTO message (id, type, created_at, unread_count, contents, chat_room_id, member_id) VALUES (171, 'TEXT', NOW(), 3, 'Message 171 in ChatRoom37', 37, 4);
INSERT INTO message (id, type, created_at, unread_count, contents, chat_room_id, member_id) VALUES (172, 'TEXT', NOW(), 8, 'Message 172 in ChatRoom38', 38, 4);
INSERT INTO message (id, type, created_at, unread_count, contents, chat_room_id, member_id) VALUES (173, 'TEXT', NOW(), 8, 'Message 173 in ChatRoom38', 38, 8);
INSERT INTO message (id, type, created_at, unread_count, contents, chat_room_id, member_id) VALUES (174, 'TEXT', NOW(), 6, 'Message 174 in ChatRoom39', 39, 1);
INSERT INTO message (id, type, created_at, unread_count, contents, chat_room_id, member_id) VALUES (175, 'TEXT', NOW(), 6, 'Message 175 in ChatRoom39', 39, 9);
INSERT INTO message (id, type, created_at, unread_count, contents, chat_room_id, member_id) VALUES (176, 'TEXT', NOW(), 2, 'Message 176 in ChatRoom41', 41, 14);
INSERT INTO message (id, type, created_at, unread_count, contents, chat_room_id, member_id) VALUES (177, 'TEXT', NOW(), 2, 'Message 177 in ChatRoom41', 41, 14);
INSERT INTO message (id, type, created_at, unread_count, contents, chat_room_id, member_id) VALUES (178, 'TEXT', NOW(), 2, 'Message 178 in ChatRoom41', 41, 14);
INSERT INTO message (id, type, created_at, unread_count, contents, chat_room_id, member_id) VALUES (179, 'TEXT', NOW(), 2, 'Message 179 in ChatRoom41', 41, 15);
INSERT INTO message (id, type, created_at, unread_count, contents, chat_room_id, member_id) VALUES (180, 'TEXT', NOW(), 2, 'Message 180 in ChatRoom41', 41, 14);
INSERT INTO message (id, type, created_at, unread_count, contents, chat_room_id, member_id) VALUES (181, 'TEXT', NOW(), 7, 'Message 181 in ChatRoom42', 42, 10);
INSERT INTO message (id, type, created_at, unread_count, contents, chat_room_id, member_id) VALUES (182, 'TEXT', NOW(), 7, 'Message 182 in ChatRoom42', 42, 5);
INSERT INTO message (id, type, created_at, unread_count, contents, chat_room_id, member_id) VALUES (183, 'TEXT', NOW(), 5, 'Message 183 in ChatRoom43', 43, 10);
INSERT INTO message (id, type, created_at, unread_count, contents, chat_room_id, member_id) VALUES (184, 'TEXT', NOW(), 5, 'Message 184 in ChatRoom43', 43, 6);
INSERT INTO message (id, type, created_at, unread_count, contents, chat_room_id, member_id) VALUES (185, 'TEXT', NOW(), 2, 'Message 185 in ChatRoom44', 44, 7);
INSERT INTO message (id, type, created_at, unread_count, contents, chat_room_id, member_id) VALUES (186, 'TEXT', NOW(), 2, 'Message 186 in ChatRoom44', 44, 7);
INSERT INTO message (id, type, created_at, unread_count, contents, chat_room_id, member_id) VALUES (187, 'TEXT', NOW(), 6, 'Message 187 in ChatRoom45', 45, 5);
INSERT INTO message (id, type, created_at, unread_count, contents, chat_room_id, member_id) VALUES (188, 'TEXT', NOW(), 6, 'Message 188 in ChatRoom45', 45, 16);
INSERT INTO message (id, type, created_at, unread_count, contents, chat_room_id, member_id) VALUES (189, 'TEXT', NOW(), 6, 'Message 189 in ChatRoom45', 45, 12);
INSERT INTO message (id, type, created_at, unread_count, contents, chat_room_id, member_id) VALUES (190, 'TEXT', NOW(), 3, 'Message 190 in ChatRoom46', 46, 4);
INSERT INTO message (id, type, created_at, unread_count, contents, chat_room_id, member_id) VALUES (191, 'TEXT', NOW(), 3, 'Message 191 in ChatRoom46', 46, 20);
INSERT INTO message (id, type, created_at, unread_count, contents, chat_room_id, member_id) VALUES (192, 'TEXT', NOW(), 3, 'Message 192 in ChatRoom46', 46, 19);
INSERT INTO message (id, type, created_at, unread_count, contents, chat_room_id, member_id) VALUES (193, 'TEXT', NOW(), 4, 'Message 193 in ChatRoom47', 47, 1);
INSERT INTO message (id, type, created_at, unread_count, contents, chat_room_id, member_id) VALUES (194, 'TEXT', NOW(), 4, 'Message 194 in ChatRoom47', 47, 16);
INSERT INTO message (id, type, created_at, unread_count, contents, chat_room_id, member_id) VALUES (195, 'TEXT', NOW(), 4, 'Message 195 in ChatRoom47', 47, 17);
INSERT INTO message (id, type, created_at, unread_count, contents, chat_room_id, member_id) VALUES (196, 'TEXT', NOW(), 4, 'Message 196 in ChatRoom47', 47, 16);
INSERT INTO message (id, type, created_at, unread_count, contents, chat_room_id, member_id) VALUES (197, 'TEXT', NOW(), 8, 'Message 197 in ChatRoom48', 48, 11);
INSERT INTO message (id, type, created_at, unread_count, contents, chat_room_id, member_id) VALUES (198, 'TEXT', NOW(), 7, 'Message 198 in ChatRoom49', 49, 8);
INSERT INTO message (id, type, created_at, unread_count, contents, chat_room_id, member_id) VALUES (199, 'TEXT', NOW(), 7, 'Message 199 in ChatRoom49', 49, 1);
INSERT INTO message (id, type, created_at, unread_count, contents, chat_room_id, member_id) VALUES (200, 'TEXT', NOW(), 7, 'Message 200 in ChatRoom49', 49, 8);
INSERT INTO message (id, type, created_at, unread_count, contents, chat_room_id, member_id) VALUES (201, 'TEXT', NOW(), 7, 'Message 201 in ChatRoom49', 49, 10);
INSERT INTO message (id, type, created_at, unread_count, contents, chat_room_id, member_id) VALUES (202, 'TEXT', NOW(), 7, 'Message 202 in ChatRoom49', 49, 10);
INSERT INTO message (id, type, created_at, unread_count, contents, chat_room_id, member_id) VALUES (203, 'TEXT', NOW(), 7, 'Message 203 in ChatRoom49', 49, 8);
INSERT INTO message (id, type, created_at, unread_count, contents, chat_room_id, member_id) VALUES (204, 'TEXT', NOW(), 7, 'Message 204 in ChatRoom49', 49, 19);
INSERT INTO message (id, type, created_at, unread_count, contents, chat_room_id, member_id) VALUES (205, 'TEXT', NOW(), 7, 'Message 205 in ChatRoom49', 49, 1);
INSERT INTO message (id, type, created_at, unread_count, contents, chat_room_id, member_id) VALUES (206, 'TEXT', NOW(), 7, 'Message 206 in ChatRoom49', 49, 8);
INSERT INTO message (id, type, created_at, unread_count, contents, chat_room_id, member_id) VALUES (207, 'TEXT', NOW(), 4, 'Message 207 in ChatRoom50', 50, 9);
INSERT INTO message (id, type, created_at, unread_count, contents, chat_room_id, member_id) VALUES (208, 'TEXT', NOW(), 8, 'Message 208 in ChatRoom51', 51, 4);
INSERT INTO message (id, type, created_at, unread_count, contents, chat_room_id, member_id) VALUES (209, 'TEXT', NOW(), 8, 'Message 209 in ChatRoom51', 51, 9);
INSERT INTO message (id, type, created_at, unread_count, contents, chat_room_id, member_id) VALUES (210, 'TEXT', NOW(), 8, 'Message 210 in ChatRoom51', 51, 10);
INSERT INTO message (id, type, created_at, unread_count, contents, chat_room_id, member_id) VALUES (211, 'TEXT', NOW(), 8, 'Message 211 in ChatRoom51', 51, 9);
INSERT INTO message (id, type, created_at, unread_count, contents, chat_room_id, member_id) VALUES (212, 'TEXT', NOW(), 8, 'Message 212 in ChatRoom51', 51, 6);
INSERT INTO message (id, type, created_at, unread_count, contents, chat_room_id, member_id) VALUES (213, 'TEXT', NOW(), 6, 'Message 213 in ChatRoom52', 52, 15);
INSERT INTO message (id, type, created_at, unread_count, contents, chat_room_id, member_id) VALUES (214, 'TEXT', NOW(), 6, 'Message 214 in ChatRoom52', 52, 15);
INSERT INTO message (id, type, created_at, unread_count, contents, chat_room_id, member_id) VALUES (215, 'TEXT', NOW(), 6, 'Message 215 in ChatRoom52', 52, 2);
INSERT INTO message (id, type, created_at, unread_count, contents, chat_room_id, member_id) VALUES (216, 'TEXT', NOW(), 6, 'Message 216 in ChatRoom52', 52, 14);
INSERT INTO message (id, type, created_at, unread_count, contents, chat_room_id, member_id) VALUES (217, 'TEXT', NOW(), 6, 'Message 217 in ChatRoom52', 52, 11);
INSERT INTO message (id, type, created_at, unread_count, contents, chat_room_id, member_id) VALUES (218, 'TEXT', NOW(), 6, 'Message 218 in ChatRoom52', 52, 1);
INSERT INTO message (id, type, created_at, unread_count, contents, chat_room_id, member_id) VALUES (219, 'TEXT', NOW(), 2, 'Message 219 in ChatRoom53', 53, 1);
INSERT INTO message (id, type, created_at, unread_count, contents, chat_room_id, member_id) VALUES (220, 'TEXT', NOW(), 2, 'Message 220 in ChatRoom53', 53, 6);
INSERT INTO message (id, type, created_at, unread_count, contents, chat_room_id, member_id) VALUES (221, 'TEXT', NOW(), 2, 'Message 221 in ChatRoom53', 53, 6);
INSERT INTO message (id, type, created_at, unread_count, contents, chat_room_id, member_id) VALUES (222, 'TEXT', NOW(), 2, 'Message 222 in ChatRoom53', 53, 1);
INSERT INTO message (id, type, created_at, unread_count, contents, chat_room_id, member_id) VALUES (223, 'TEXT', NOW(), 8, 'Message 223 in ChatRoom54', 54, 6);
INSERT INTO message (id, type, created_at, unread_count, contents, chat_room_id, member_id) VALUES (224, 'TEXT', NOW(), 8, 'Message 224 in ChatRoom54', 54, 10);
INSERT INTO message (id, type, created_at, unread_count, contents, chat_room_id, member_id) VALUES (225, 'TEXT', NOW(), 8, 'Message 225 in ChatRoom54', 54, 14);
INSERT INTO message (id, type, created_at, unread_count, contents, chat_room_id, member_id) VALUES (226, 'TEXT', NOW(), 8, 'Message 226 in ChatRoom54', 54, 9);
INSERT INTO message (id, type, created_at, unread_count, contents, chat_room_id, member_id) VALUES (227, 'TEXT', NOW(), 8, 'Message 227 in ChatRoom54', 54, 9);
INSERT INTO message (id, type, created_at, unread_count, contents, chat_room_id, member_id) VALUES (228, 'TEXT', NOW(), 8, 'Message 228 in ChatRoom54', 54, 6);
INSERT INTO message (id, type, created_at, unread_count, contents, chat_room_id, member_id) VALUES (229, 'TEXT', NOW(), 8, 'Message 229 in ChatRoom54', 54, 3);
INSERT INTO message (id, type, created_at, unread_count, contents, chat_room_id, member_id) VALUES (230, 'TEXT', NOW(), 6, 'Message 230 in ChatRoom55', 55, 13);
INSERT INTO message (id, type, created_at, unread_count, contents, chat_room_id, member_id) VALUES (231, 'TEXT', NOW(), 6, 'Message 231 in ChatRoom55', 55, 1);
INSERT INTO message (id, type, created_at, unread_count, contents, chat_room_id, member_id) VALUES (232, 'TEXT', NOW(), 6, 'Message 232 in ChatRoom55', 55, 8);
INSERT INTO message (id, type, created_at, unread_count, contents, chat_room_id, member_id) VALUES (233, 'TEXT', NOW(), 6, 'Message 233 in ChatRoom55', 55, 13);
INSERT INTO message (id, type, created_at, unread_count, contents, chat_room_id, member_id) VALUES (234, 'TEXT', NOW(), 6, 'Message 234 in ChatRoom55', 55, 19);
INSERT INTO message (id, type, created_at, unread_count, contents, chat_room_id, member_id) VALUES (235, 'TEXT', NOW(), 6, 'Message 235 in ChatRoom55', 55, 8);
INSERT INTO message (id, type, created_at, unread_count, contents, chat_room_id, member_id) VALUES (236, 'TEXT', NOW(), 6, 'Message 236 in ChatRoom55', 55, 8);
INSERT INTO message (id, type, created_at, unread_count, contents, chat_room_id, member_id) VALUES (237, 'TEXT', NOW(), 6, 'Message 237 in ChatRoom56', 56, 19);
INSERT INTO message (id, type, created_at, unread_count, contents, chat_room_id, member_id) VALUES (238, 'TEXT', NOW(), 6, 'Message 238 in ChatRoom56', 56, 1);
INSERT INTO message (id, type, created_at, unread_count, contents, chat_room_id, member_id) VALUES (239, 'TEXT', NOW(), 2, 'Message 239 in ChatRoom57', 57, 19);
INSERT INTO message (id, type, created_at, unread_count, contents, chat_room_id, member_id) VALUES (240, 'TEXT', NOW(), 7, 'Message 240 in ChatRoom58', 58, 20);
INSERT INTO message (id, type, created_at, unread_count, contents, chat_room_id, member_id) VALUES (241, 'TEXT', NOW(), 7, 'Message 241 in ChatRoom58', 58, 4);
INSERT INTO message (id, type, created_at, unread_count, contents, chat_room_id, member_id) VALUES (242, 'TEXT', NOW(), 8, 'Message 242 in ChatRoom59', 59, 20);
INSERT INTO message (id, type, created_at, unread_count, contents, chat_room_id, member_id) VALUES (243, 'TEXT', NOW(), 2, 'Message 243 in ChatRoom60', 60, 10);
INSERT INTO message (id, type, created_at, unread_count, contents, chat_room_id, member_id) VALUES (244, 'TEXT', NOW(), 2, 'Message 244 in ChatRoom60', 60, 10);
INSERT INTO message (id, type, created_at, unread_count, contents, chat_room_id, member_id) VALUES (245, 'TEXT', NOW(), 2, 'Message 245 in ChatRoom60', 60, 10);
INSERT INTO message (id, type, created_at, unread_count, contents, chat_room_id, member_id) VALUES (246, 'TEXT', NOW(), 2, 'Message 246 in ChatRoom60', 60, 10);
INSERT INTO message (id, type, created_at, unread_count, contents, chat_room_id, member_id) VALUES (247, 'TEXT', NOW(), 2, 'Message 247 in ChatRoom60', 60, 10);
INSERT INTO message (id, type, created_at, unread_count, contents, chat_room_id, member_id) VALUES (248, 'TEXT', NOW(), 2, 'Message 248 in ChatRoom60', 60, 10);
INSERT INTO message (id, type, created_at, unread_count, contents, chat_room_id, member_id) VALUES (249, 'TEXT', NOW(), 2, 'Message 249 in ChatRoom60', 60, 10);
INSERT INTO message (id, type, created_at, unread_count, contents, chat_room_id, member_id) VALUES (250, 'TEXT', NOW(), 4, 'Message 250 in ChatRoom61', 61, 13);
INSERT INTO message (id, type, created_at, unread_count, contents, chat_room_id, member_id) VALUES (251, 'TEXT', NOW(), 4, 'Message 251 in ChatRoom61', 61, 4);
INSERT INTO message (id, type, created_at, unread_count, contents, chat_room_id, member_id) VALUES (252, 'TEXT', NOW(), 4, 'Message 252 in ChatRoom61', 61, 12);
INSERT INTO message (id, type, created_at, unread_count, contents, chat_room_id, member_id) VALUES (253, 'TEXT', NOW(), 4, 'Message 253 in ChatRoom62', 62, 15);
INSERT INTO message (id, type, created_at, unread_count, contents, chat_room_id, member_id) VALUES (254, 'TEXT', NOW(), 4, 'Message 254 in ChatRoom62', 62, 4);
INSERT INTO message (id, type, created_at, unread_count, contents, chat_room_id, member_id) VALUES (255, 'TEXT', NOW(), 4, 'Message 255 in ChatRoom62', 62, 6);
INSERT INTO message (id, type, created_at, unread_count, contents, chat_room_id, member_id) VALUES (256, 'TEXT', NOW(), 4, 'Message 256 in ChatRoom62', 62, 17);
INSERT INTO message (id, type, created_at, unread_count, contents, chat_room_id, member_id) VALUES (257, 'TEXT', NOW(), 4, 'Message 257 in ChatRoom62', 62, 6);
INSERT INTO message (id, type, created_at, unread_count, contents, chat_room_id, member_id) VALUES (258, 'TEXT', NOW(), 7, 'Message 258 in ChatRoom63', 63, 12);
INSERT INTO message (id, type, created_at, unread_count, contents, chat_room_id, member_id) VALUES (259, 'TEXT', NOW(), 7, 'Message 259 in ChatRoom63', 63, 13);
INSERT INTO message (id, type, created_at, unread_count, contents, chat_room_id, member_id) VALUES (260, 'TEXT', NOW(), 7, 'Message 260 in ChatRoom63', 63, 12);
INSERT INTO message (id, type, created_at, unread_count, contents, chat_room_id, member_id) VALUES (261, 'TEXT', NOW(), 7, 'Message 261 in ChatRoom63', 63, 6);
INSERT INTO message (id, type, created_at, unread_count, contents, chat_room_id, member_id) VALUES (262, 'TEXT', NOW(), 7, 'Message 262 in ChatRoom63', 63, 12);
INSERT INTO message (id, type, created_at, unread_count, contents, chat_room_id, member_id) VALUES (263, 'TEXT', NOW(), 7, 'Message 263 in ChatRoom63', 63, 20);
INSERT INTO message (id, type, created_at, unread_count, contents, chat_room_id, member_id) VALUES (264, 'TEXT', NOW(), 2, 'Message 264 in ChatRoom64', 64, 7);
INSERT INTO message (id, type, created_at, unread_count, contents, chat_room_id, member_id) VALUES (265, 'TEXT', NOW(), 2, 'Message 265 in ChatRoom64', 64, 10);
INSERT INTO message (id, type, created_at, unread_count, contents, chat_room_id, member_id) VALUES (266, 'TEXT', NOW(), 2, 'Message 266 in ChatRoom64', 64, 10);
INSERT INTO message (id, type, created_at, unread_count, contents, chat_room_id, member_id) VALUES (267, 'TEXT', NOW(), 2, 'Message 267 in ChatRoom64', 64, 7);
INSERT INTO message (id, type, created_at, unread_count, contents, chat_room_id, member_id) VALUES (268, 'TEXT', NOW(), 2, 'Message 268 in ChatRoom64', 64, 7);
INSERT INTO message (id, type, created_at, unread_count, contents, chat_room_id, member_id) VALUES (269, 'TEXT', NOW(), 2, 'Message 269 in ChatRoom64', 64, 10);
INSERT INTO message (id, type, created_at, unread_count, contents, chat_room_id, member_id) VALUES (270, 'TEXT', NOW(), 2, 'Message 270 in ChatRoom64', 64, 7);
INSERT INTO message (id, type, created_at, unread_count, contents, chat_room_id, member_id) VALUES (271, 'TEXT', NOW(), 4, 'Message 271 in ChatRoom65', 65, 11);
INSERT INTO message (id, type, created_at, unread_count, contents, chat_room_id, member_id) VALUES (272, 'TEXT', NOW(), 4, 'Message 272 in ChatRoom65', 65, 11);
INSERT INTO message (id, type, created_at, unread_count, contents, chat_room_id, member_id) VALUES (273, 'TEXT', NOW(), 4, 'Message 273 in ChatRoom65', 65, 3);
INSERT INTO message (id, type, created_at, unread_count, contents, chat_room_id, member_id) VALUES (274, 'TEXT', NOW(), 4, 'Message 274 in ChatRoom65', 65, 3);
INSERT INTO message (id, type, created_at, unread_count, contents, chat_room_id, member_id) VALUES (275, 'TEXT', NOW(), 4, 'Message 275 in ChatRoom65', 65, 11);
INSERT INTO message (id, type, created_at, unread_count, contents, chat_room_id, member_id) VALUES (276, 'TEXT', NOW(), 6, 'Message 276 in ChatRoom66', 66, 5);
INSERT INTO message (id, type, created_at, unread_count, contents, chat_room_id, member_id) VALUES (277, 'TEXT', NOW(), 6, 'Message 277 in ChatRoom66', 66, 10);
INSERT INTO message (id, type, created_at, unread_count, contents, chat_room_id, member_id) VALUES (278, 'TEXT', NOW(), 6, 'Message 278 in ChatRoom66', 66, 10);
INSERT INTO message (id, type, created_at, unread_count, contents, chat_room_id, member_id) VALUES (279, 'TEXT', NOW(), 6, 'Message 279 in ChatRoom66', 66, 11);
INSERT INTO message (id, type, created_at, unread_count, contents, chat_room_id, member_id) VALUES (280, 'TEXT', NOW(), 6, 'Message 280 in ChatRoom66', 66, 10);
INSERT INTO message (id, type, created_at, unread_count, contents, chat_room_id, member_id) VALUES (281, 'TEXT', NOW(), 6, 'Message 281 in ChatRoom66', 66, 11);
INSERT INTO message (id, type, created_at, unread_count, contents, chat_room_id, member_id) VALUES (282, 'TEXT', NOW(), 6, 'Message 282 in ChatRoom66', 66, 11);
INSERT INTO message (id, type, created_at, unread_count, contents, chat_room_id, member_id) VALUES (283, 'TEXT', NOW(), 3, 'Message 283 in ChatRoom67', 67, 11);
INSERT INTO message (id, type, created_at, unread_count, contents, chat_room_id, member_id) VALUES (284, 'TEXT', NOW(), 6, 'Message 284 in ChatRoom68', 68, 1);
INSERT INTO message (id, type, created_at, unread_count, contents, chat_room_id, member_id) VALUES (285, 'TEXT', NOW(), 6, 'Message 285 in ChatRoom68', 68, 5);
INSERT INTO message (id, type, created_at, unread_count, contents, chat_room_id, member_id) VALUES (286, 'TEXT', NOW(), 6, 'Message 286 in ChatRoom68', 68, 1);
INSERT INTO message (id, type, created_at, unread_count, contents, chat_room_id, member_id) VALUES (287, 'TEXT', NOW(), 6, 'Message 287 in ChatRoom68', 68, 16);
INSERT INTO message (id, type, created_at, unread_count, contents, chat_room_id, member_id) VALUES (288, 'TEXT', NOW(), 6, 'Message 288 in ChatRoom68', 68, 1);
INSERT INTO message (id, type, created_at, unread_count, contents, chat_room_id, member_id) VALUES (289, 'TEXT', NOW(), 6, 'Message 289 in ChatRoom68', 68, 5);
INSERT INTO message (id, type, created_at, unread_count, contents, chat_room_id, member_id) VALUES (290, 'TEXT', NOW(), 6, 'Message 290 in ChatRoom68', 68, 1);
INSERT INTO message (id, type, created_at, unread_count, contents, chat_room_id, member_id) VALUES (291, 'TEXT', NOW(), 6, 'Message 291 in ChatRoom68', 68, 5);
INSERT INTO message (id, type, created_at, unread_count, contents, chat_room_id, member_id) VALUES (292, 'TEXT', NOW(), 2, 'Message 292 in ChatRoom69', 69, 12);
INSERT INTO message (id, type, created_at, unread_count, contents, chat_room_id, member_id) VALUES (293, 'TEXT', NOW(), 2, 'Message 293 in ChatRoom69', 69, 8);
INSERT INTO message (id, type, created_at, unread_count, contents, chat_room_id, member_id) VALUES (294, 'TEXT', NOW(), 4, 'Message 294 in ChatRoom70', 70, 16);
INSERT INTO message (id, type, created_at, unread_count, contents, chat_room_id, member_id) VALUES (295, 'TEXT', NOW(), 4, 'Message 295 in ChatRoom70', 70, 15);
INSERT INTO message (id, type, created_at, unread_count, contents, chat_room_id, member_id) VALUES (296, 'TEXT', NOW(), 4, 'Message 296 in ChatRoom70', 70, 4);
INSERT INTO message (id, type, created_at, unread_count, contents, chat_room_id, member_id) VALUES (297, 'TEXT', NOW(), 2, 'Message 297 in ChatRoom71', 71, 5);
INSERT INTO message (id, type, created_at, unread_count, contents, chat_room_id, member_id) VALUES (298, 'TEXT', NOW(), 2, 'Message 298 in ChatRoom71', 71, 5);
INSERT INTO message (id, type, created_at, unread_count, contents, chat_room_id, member_id) VALUES (299, 'TEXT', NOW(), 2, 'Message 299 in ChatRoom71', 71, 8);
INSERT INTO message (id, type, created_at, unread_count, contents, chat_room_id, member_id) VALUES (300, 'TEXT', NOW(), 2, 'Message 300 in ChatRoom71', 71, 5);
INSERT INTO message (id, type, created_at, unread_count, contents, chat_room_id, member_id) VALUES (301, 'TEXT', NOW(), 6, 'Message 301 in ChatRoom72', 72, 17);
INSERT INTO message (id, type, created_at, unread_count, contents, chat_room_id, member_id) VALUES (302, 'TEXT', NOW(), 6, 'Message 302 in ChatRoom72', 72, 17);
INSERT INTO message (id, type, created_at, unread_count, contents, chat_room_id, member_id) VALUES (303, 'TEXT', NOW(), 6, 'Message 303 in ChatRoom72', 72, 2);
INSERT INTO message (id, type, created_at, unread_count, contents, chat_room_id, member_id) VALUES (304, 'TEXT', NOW(), 6, 'Message 304 in ChatRoom72', 72, 8);
INSERT INTO message (id, type, created_at, unread_count, contents, chat_room_id, member_id) VALUES (305, 'TEXT', NOW(), 6, 'Message 305 in ChatRoom72', 72, 17);
INSERT INTO message (id, type, created_at, unread_count, contents, chat_room_id, member_id) VALUES (306, 'TEXT', NOW(), 6, 'Message 306 in ChatRoom72', 72, 2);
INSERT INTO message (id, type, created_at, unread_count, contents, chat_room_id, member_id) VALUES (307, 'TEXT', NOW(), 6, 'Message 307 in ChatRoom72', 72, 12);
INSERT INTO message (id, type, created_at, unread_count, contents, chat_room_id, member_id) VALUES (308, 'TEXT', NOW(), 6, 'Message 308 in ChatRoom72', 72, 2);
INSERT INTO message (id, type, created_at, unread_count, contents, chat_room_id, member_id) VALUES (309, 'TEXT', NOW(), 6, 'Message 309 in ChatRoom72', 72, 12);
INSERT INTO message (id, type, created_at, unread_count, contents, chat_room_id, member_id) VALUES (310, 'TEXT', NOW(), 4, 'Message 310 in ChatRoom73', 73, 16);
INSERT INTO message (id, type, created_at, unread_count, contents, chat_room_id, member_id) VALUES (311, 'TEXT', NOW(), 4, 'Message 311 in ChatRoom73', 73, 16);
INSERT INTO message (id, type, created_at, unread_count, contents, chat_room_id, member_id) VALUES (312, 'TEXT', NOW(), 4, 'Message 312 in ChatRoom73', 73, 17);
INSERT INTO message (id, type, created_at, unread_count, contents, chat_room_id, member_id) VALUES (313, 'TEXT', NOW(), 4, 'Message 313 in ChatRoom73', 73, 8);
INSERT INTO message (id, type, created_at, unread_count, contents, chat_room_id, member_id) VALUES (314, 'TEXT', NOW(), 4, 'Message 314 in ChatRoom73', 73, 16);
INSERT INTO message (id, type, created_at, unread_count, contents, chat_room_id, member_id) VALUES (315, 'TEXT', NOW(), 4, 'Message 315 in ChatRoom73', 73, 11);
INSERT INTO message (id, type, created_at, unread_count, contents, chat_room_id, member_id) VALUES (316, 'TEXT', NOW(), 4, 'Message 316 in ChatRoom73', 73, 11);
INSERT INTO message (id, type, created_at, unread_count, contents, chat_room_id, member_id) VALUES (317, 'TEXT', NOW(), 4, 'Message 317 in ChatRoom73', 73, 16);
INSERT INTO message (id, type, created_at, unread_count, contents, chat_room_id, member_id) VALUES (318, 'TEXT', NOW(), 4, 'Message 318 in ChatRoom73', 73, 17);
INSERT INTO message (id, type, created_at, unread_count, contents, chat_room_id, member_id) VALUES (319, 'TEXT', NOW(), 4, 'Message 319 in ChatRoom73', 73, 17);
INSERT INTO message (id, type, created_at, unread_count, contents, chat_room_id, member_id) VALUES (320, 'TEXT', NOW(), 6, 'Message 320 in ChatRoom74', 74, 11);
INSERT INTO message (id, type, created_at, unread_count, contents, chat_room_id, member_id) VALUES (321, 'TEXT', NOW(), 6, 'Message 321 in ChatRoom74', 74, 9);
INSERT INTO message (id, type, created_at, unread_count, contents, chat_room_id, member_id) VALUES (322, 'TEXT', NOW(), 6, 'Message 322 in ChatRoom74', 74, 3);
INSERT INTO message (id, type, created_at, unread_count, contents, chat_room_id, member_id) VALUES (323, 'TEXT', NOW(), 6, 'Message 323 in ChatRoom74', 74, 14);
INSERT INTO message (id, type, created_at, unread_count, contents, chat_room_id, member_id) VALUES (324, 'TEXT', NOW(), 8, 'Message 324 in ChatRoom75', 75, 17);
INSERT INTO message (id, type, created_at, unread_count, contents, chat_room_id, member_id) VALUES (325, 'TEXT', NOW(), 8, 'Message 325 in ChatRoom75', 75, 1);
INSERT INTO message (id, type, created_at, unread_count, contents, chat_room_id, member_id) VALUES (326, 'TEXT', NOW(), 8, 'Message 326 in ChatRoom75', 75, 16);
INSERT INTO message (id, type, created_at, unread_count, contents, chat_room_id, member_id) VALUES (327, 'TEXT', NOW(), 8, 'Message 327 in ChatRoom75', 75, 20);
INSERT INTO message (id, type, created_at, unread_count, contents, chat_room_id, member_id) VALUES (328, 'TEXT', NOW(), 8, 'Message 328 in ChatRoom75', 75, 16);
INSERT INTO message (id, type, created_at, unread_count, contents, chat_room_id, member_id) VALUES (329, 'TEXT', NOW(), 8, 'Message 329 in ChatRoom75', 75, 16);
INSERT INTO message (id, type, created_at, unread_count, contents, chat_room_id, member_id) VALUES (330, 'TEXT', NOW(), 8, 'Message 330 in ChatRoom75', 75, 15);
INSERT INTO message (id, type, created_at, unread_count, contents, chat_room_id, member_id) VALUES (331, 'TEXT', NOW(), 5, 'Message 331 in ChatRoom77', 77, 4);
INSERT INTO message (id, type, created_at, unread_count, contents, chat_room_id, member_id) VALUES (332, 'TEXT', NOW(), 5, 'Message 332 in ChatRoom77', 77, 4);
INSERT INTO message (id, type, created_at, unread_count, contents, chat_room_id, member_id) VALUES (333, 'TEXT', NOW(), 5, 'Message 333 in ChatRoom77', 77, 15);
INSERT INTO message (id, type, created_at, unread_count, contents, chat_room_id, member_id) VALUES (334, 'TEXT', NOW(), 5, 'Message 334 in ChatRoom77', 77, 16);
INSERT INTO message (id, type, created_at, unread_count, contents, chat_room_id, member_id) VALUES (335, 'TEXT', NOW(), 5, 'Message 335 in ChatRoom77', 77, 15);
INSERT INTO message (id, type, created_at, unread_count, contents, chat_room_id, member_id) VALUES (336, 'TEXT', NOW(), 5, 'Message 336 in ChatRoom77', 77, 15);
INSERT INTO message (id, type, created_at, unread_count, contents, chat_room_id, member_id) VALUES (337, 'TEXT', NOW(), 5, 'Message 337 in ChatRoom77', 77, 1);
INSERT INTO message (id, type, created_at, unread_count, contents, chat_room_id, member_id) VALUES (338, 'TEXT', NOW(), 5, 'Message 338 in ChatRoom77', 77, 12);
INSERT INTO message (id, type, created_at, unread_count, contents, chat_room_id, member_id) VALUES (339, 'TEXT', NOW(), 2, 'Message 339 in ChatRoom78', 78, 6);
INSERT INTO message (id, type, created_at, unread_count, contents, chat_room_id, member_id) VALUES (340, 'TEXT', NOW(), 2, 'Message 340 in ChatRoom78', 78, 18);
INSERT INTO message (id, type, created_at, unread_count, contents, chat_room_id, member_id) VALUES (341, 'TEXT', NOW(), 2, 'Message 341 in ChatRoom78', 78, 18);
INSERT INTO message (id, type, created_at, unread_count, contents, chat_room_id, member_id) VALUES (342, 'TEXT', NOW(), 2, 'Message 342 in ChatRoom78', 78, 18);
INSERT INTO message (id, type, created_at, unread_count, contents, chat_room_id, member_id) VALUES (343, 'TEXT', NOW(), 2, 'Message 343 in ChatRoom78', 78, 18);
INSERT INTO message (id, type, created_at, unread_count, contents, chat_room_id, member_id) VALUES (344, 'TEXT', NOW(), 2, 'Message 344 in ChatRoom78', 78, 18);
INSERT INTO message (id, type, created_at, unread_count, contents, chat_room_id, member_id) VALUES (345, 'TEXT', NOW(), 2, 'Message 345 in ChatRoom79', 79, 4);
INSERT INTO message (id, type, created_at, unread_count, contents, chat_room_id, member_id) VALUES (346, 'TEXT', NOW(), 2, 'Message 346 in ChatRoom79', 79, 4);
INSERT INTO message (id, type, created_at, unread_count, contents, chat_room_id, member_id) VALUES (347, 'TEXT', NOW(), 2, 'Message 347 in ChatRoom79', 79, 4);
INSERT INTO message (id, type, created_at, unread_count, contents, chat_room_id, member_id) VALUES (348, 'TEXT', NOW(), 5, 'Message 348 in ChatRoom80', 80, 9);
INSERT INTO message (id, type, created_at, unread_count, contents, chat_room_id, member_id) VALUES (349, 'TEXT', NOW(), 5, 'Message 349 in ChatRoom80', 80, 9);
INSERT INTO message (id, type, created_at, unread_count, contents, chat_room_id, member_id) VALUES (350, 'TEXT', NOW(), 5, 'Message 350 in ChatRoom80', 80, 16);
INSERT INTO message (id, type, created_at, unread_count, contents, chat_room_id, member_id) VALUES (351, 'TEXT', NOW(), 5, 'Message 351 in ChatRoom80', 80, 20);
INSERT INTO message (id, type, created_at, unread_count, contents, chat_room_id, member_id) VALUES (352, 'TEXT', NOW(), 5, 'Message 352 in ChatRoom80', 80, 20);
INSERT INTO message (id, type, created_at, unread_count, contents, chat_room_id, member_id) VALUES (353, 'TEXT', NOW(), 5, 'Message 353 in ChatRoom80', 80, 6);
INSERT INTO message (id, type, created_at, unread_count, contents, chat_room_id, member_id) VALUES (354, 'TEXT', NOW(), 5, 'Message 354 in ChatRoom80', 80, 11);
INSERT INTO message (id, type, created_at, unread_count, contents, chat_room_id, member_id) VALUES (355, 'TEXT', NOW(), 5, 'Message 355 in ChatRoom80', 80, 11);
INSERT INTO message (id, type, created_at, unread_count, contents, chat_room_id, member_id) VALUES (356, 'TEXT', NOW(), 6, 'Message 356 in ChatRoom81', 81, 4);
INSERT INTO message (id, type, created_at, unread_count, contents, chat_room_id, member_id) VALUES (357, 'TEXT', NOW(), 6, 'Message 357 in ChatRoom81', 81, 11);
INSERT INTO message (id, type, created_at, unread_count, contents, chat_room_id, member_id) VALUES (358, 'TEXT', NOW(), 6, 'Message 358 in ChatRoom81', 81, 6);
INSERT INTO message (id, type, created_at, unread_count, contents, chat_room_id, member_id) VALUES (359, 'TEXT', NOW(), 6, 'Message 359 in ChatRoom81', 81, 4);
INSERT INTO message (id, type, created_at, unread_count, contents, chat_room_id, member_id) VALUES (360, 'TEXT', NOW(), 2, 'Message 360 in ChatRoom82', 82, 2);
INSERT INTO message (id, type, created_at, unread_count, contents, chat_room_id, member_id) VALUES (361, 'TEXT', NOW(), 2, 'Message 361 in ChatRoom82', 82, 17);
INSERT INTO message (id, type, created_at, unread_count, contents, chat_room_id, member_id) VALUES (362, 'TEXT', NOW(), 2, 'Message 362 in ChatRoom82', 82, 2);
INSERT INTO message (id, type, created_at, unread_count, contents, chat_room_id, member_id) VALUES (363, 'TEXT', NOW(), 2, 'Message 363 in ChatRoom82', 82, 17);
INSERT INTO message (id, type, created_at, unread_count, contents, chat_room_id, member_id) VALUES (364, 'TEXT', NOW(), 5, 'Message 364 in ChatRoom83', 83, 18);
INSERT INTO message (id, type, created_at, unread_count, contents, chat_room_id, member_id) VALUES (365, 'TEXT', NOW(), 5, 'Message 365 in ChatRoom83', 83, 6);
INSERT INTO message (id, type, created_at, unread_count, contents, chat_room_id, member_id) VALUES (366, 'TEXT', NOW(), 5, 'Message 366 in ChatRoom83', 83, 15);
INSERT INTO message (id, type, created_at, unread_count, contents, chat_room_id, member_id) VALUES (367, 'TEXT', NOW(), 5, 'Message 367 in ChatRoom83', 83, 4);
INSERT INTO message (id, type, created_at, unread_count, contents, chat_room_id, member_id) VALUES (368, 'TEXT', NOW(), 5, 'Message 368 in ChatRoom83', 83, 18);
INSERT INTO message (id, type, created_at, unread_count, contents, chat_room_id, member_id) VALUES (369, 'TEXT', NOW(), 5, 'Message 369 in ChatRoom83', 83, 4);
INSERT INTO message (id, type, created_at, unread_count, contents, chat_room_id, member_id) VALUES (370, 'TEXT', NOW(), 5, 'Message 370 in ChatRoom83', 83, 4);
INSERT INTO message (id, type, created_at, unread_count, contents, chat_room_id, member_id) VALUES (371, 'TEXT', NOW(), 8, 'Message 371 in ChatRoom84', 84, 13);
INSERT INTO message (id, type, created_at, unread_count, contents, chat_room_id, member_id) VALUES (372, 'TEXT', NOW(), 8, 'Message 372 in ChatRoom84', 84, 7);
INSERT INTO message (id, type, created_at, unread_count, contents, chat_room_id, member_id) VALUES (373, 'TEXT', NOW(), 6, 'Message 373 in ChatRoom85', 85, 11);
INSERT INTO message (id, type, created_at, unread_count, contents, chat_room_id, member_id) VALUES (374, 'TEXT', NOW(), 6, 'Message 374 in ChatRoom85', 85, 16);
INSERT INTO message (id, type, created_at, unread_count, contents, chat_room_id, member_id) VALUES (375, 'TEXT', NOW(), 6, 'Message 375 in ChatRoom85', 85, 16);
INSERT INTO message (id, type, created_at, unread_count, contents, chat_room_id, member_id) VALUES (376, 'TEXT', NOW(), 6, 'Message 376 in ChatRoom85', 85, 16);
INSERT INTO message (id, type, created_at, unread_count, contents, chat_room_id, member_id) VALUES (377, 'TEXT', NOW(), 6, 'Message 377 in ChatRoom85', 85, 11);
INSERT INTO message (id, type, created_at, unread_count, contents, chat_room_id, member_id) VALUES (378, 'TEXT', NOW(), 6, 'Message 378 in ChatRoom85', 85, 4);
INSERT INTO message (id, type, created_at, unread_count, contents, chat_room_id, member_id) VALUES (379, 'TEXT', NOW(), 6, 'Message 379 in ChatRoom85', 85, 16);
INSERT INTO message (id, type, created_at, unread_count, contents, chat_room_id, member_id) VALUES (380, 'TEXT', NOW(), 6, 'Message 380 in ChatRoom85', 85, 4);
INSERT INTO message (id, type, created_at, unread_count, contents, chat_room_id, member_id) VALUES (381, 'TEXT', NOW(), 5, 'Message 381 in ChatRoom86', 86, 1);
INSERT INTO message (id, type, created_at, unread_count, contents, chat_room_id, member_id) VALUES (382, 'TEXT', NOW(), 5, 'Message 382 in ChatRoom86', 86, 1);
INSERT INTO message (id, type, created_at, unread_count, contents, chat_room_id, member_id) VALUES (383, 'TEXT', NOW(), 5, 'Message 383 in ChatRoom86', 86, 4);
INSERT INTO message (id, type, created_at, unread_count, contents, chat_room_id, member_id) VALUES (384, 'TEXT', NOW(), 5, 'Message 384 in ChatRoom86', 86, 1);
INSERT INTO message (id, type, created_at, unread_count, contents, chat_room_id, member_id) VALUES (385, 'TEXT', NOW(), 5, 'Message 385 in ChatRoom86', 86, 4);
INSERT INTO message (id, type, created_at, unread_count, contents, chat_room_id, member_id) VALUES (386, 'TEXT', NOW(), 5, 'Message 386 in ChatRoom86', 86, 15);
INSERT INTO message (id, type, created_at, unread_count, contents, chat_room_id, member_id) VALUES (387, 'TEXT', NOW(), 5, 'Message 387 in ChatRoom86', 86, 4);
INSERT INTO message (id, type, created_at, unread_count, contents, chat_room_id, member_id) VALUES (388, 'TEXT', NOW(), 5, 'Message 388 in ChatRoom86', 86, 7);
INSERT INTO message (id, type, created_at, unread_count, contents, chat_room_id, member_id) VALUES (389, 'TEXT', NOW(), 5, 'Message 389 in ChatRoom86', 86, 15);
INSERT INTO message (id, type, created_at, unread_count, contents, chat_room_id, member_id) VALUES (390, 'TEXT', NOW(), 7, 'Message 390 in ChatRoom87', 87, 1);
INSERT INTO message (id, type, created_at, unread_count, contents, chat_room_id, member_id) VALUES (391, 'TEXT', NOW(), 7, 'Message 391 in ChatRoom87', 87, 6);
INSERT INTO message (id, type, created_at, unread_count, contents, chat_room_id, member_id) VALUES (392, 'TEXT', NOW(), 7, 'Message 392 in ChatRoom87', 87, 12);
INSERT INTO message (id, type, created_at, unread_count, contents, chat_room_id, member_id) VALUES (393, 'TEXT', NOW(), 7, 'Message 393 in ChatRoom87', 87, 1);
INSERT INTO message (id, type, created_at, unread_count, contents, chat_room_id, member_id) VALUES (394, 'TEXT', NOW(), 8, 'Message 394 in ChatRoom88', 88, 12);
INSERT INTO message (id, type, created_at, unread_count, contents, chat_room_id, member_id) VALUES (395, 'TEXT', NOW(), 8, 'Message 395 in ChatRoom88', 88, 5);
INSERT INTO message (id, type, created_at, unread_count, contents, chat_room_id, member_id) VALUES (396, 'TEXT', NOW(), 8, 'Message 396 in ChatRoom88', 88, 12);
INSERT INTO message (id, type, created_at, unread_count, contents, chat_room_id, member_id) VALUES (397, 'TEXT', NOW(), 8, 'Message 397 in ChatRoom88', 88, 13);
INSERT INTO message (id, type, created_at, unread_count, contents, chat_room_id, member_id) VALUES (398, 'TEXT', NOW(), 5, 'Message 398 in ChatRoom89', 89, 4);
INSERT INTO message (id, type, created_at, unread_count, contents, chat_room_id, member_id) VALUES (399, 'TEXT', NOW(), 7, 'Message 399 in ChatRoom90', 90, 11);
INSERT INTO message (id, type, created_at, unread_count, contents, chat_room_id, member_id) VALUES (400, 'TEXT', NOW(), 7, 'Message 400 in ChatRoom90', 90, 10);
INSERT INTO message (id, type, created_at, unread_count, contents, chat_room_id, member_id) VALUES (401, 'TEXT', NOW(), 7, 'Message 401 in ChatRoom90', 90, 10);
INSERT INTO message (id, type, created_at, unread_count, contents, chat_room_id, member_id) VALUES (402, 'TEXT', NOW(), 7, 'Message 402 in ChatRoom90', 90, 13);
INSERT INTO message (id, type, created_at, unread_count, contents, chat_room_id, member_id) VALUES (403, 'TEXT', NOW(), 2, 'Message 403 in ChatRoom91', 91, 19);
INSERT INTO message (id, type, created_at, unread_count, contents, chat_room_id, member_id) VALUES (404, 'TEXT', NOW(), 2, 'Message 404 in ChatRoom91', 91, 18);
INSERT INTO message (id, type, created_at, unread_count, contents, chat_room_id, member_id) VALUES (405, 'TEXT', NOW(), 2, 'Message 405 in ChatRoom91', 91, 18);
INSERT INTO message (id, type, created_at, unread_count, contents, chat_room_id, member_id) VALUES (406, 'TEXT', NOW(), 2, 'Message 406 in ChatRoom91', 91, 19);
INSERT INTO message (id, type, created_at, unread_count, contents, chat_room_id, member_id) VALUES (407, 'TEXT', NOW(), 4, 'Message 407 in ChatRoom92', 92, 2);
INSERT INTO message (id, type, created_at, unread_count, contents, chat_room_id, member_id) VALUES (408, 'TEXT', NOW(), 4, 'Message 408 in ChatRoom92', 92, 10);
INSERT INTO message (id, type, created_at, unread_count, contents, chat_room_id, member_id) VALUES (409, 'TEXT', NOW(), 4, 'Message 409 in ChatRoom92', 92, 2);
INSERT INTO message (id, type, created_at, unread_count, contents, chat_room_id, member_id) VALUES (410, 'TEXT', NOW(), 4, 'Message 410 in ChatRoom92', 92, 2);
INSERT INTO message (id, type, created_at, unread_count, contents, chat_room_id, member_id) VALUES (411, 'TEXT', NOW(), 5, 'Message 411 in ChatRoom93', 93, 20);
INSERT INTO message (id, type, created_at, unread_count, contents, chat_room_id, member_id) VALUES (412, 'TEXT', NOW(), 5, 'Message 412 in ChatRoom93', 93, 16);
INSERT INTO message (id, type, created_at, unread_count, contents, chat_room_id, member_id) VALUES (413, 'TEXT', NOW(), 5, 'Message 413 in ChatRoom93', 93, 5);
INSERT INTO message (id, type, created_at, unread_count, contents, chat_room_id, member_id) VALUES (414, 'TEXT', NOW(), 5, 'Message 414 in ChatRoom93', 93, 16);
INSERT INTO message (id, type, created_at, unread_count, contents, chat_room_id, member_id) VALUES (415, 'TEXT', NOW(), 5, 'Message 415 in ChatRoom93', 93, 16);
INSERT INTO message (id, type, created_at, unread_count, contents, chat_room_id, member_id) VALUES (416, 'TEXT', NOW(), 5, 'Message 416 in ChatRoom93', 93, 16);
INSERT INTO message (id, type, created_at, unread_count, contents, chat_room_id, member_id) VALUES (417, 'TEXT', NOW(), 5, 'Message 417 in ChatRoom93', 93, 16);
INSERT INTO message (id, type, created_at, unread_count, contents, chat_room_id, member_id) VALUES (418, 'TEXT', NOW(), 5, 'Message 418 in ChatRoom94', 94, 7);
INSERT INTO message (id, type, created_at, unread_count, contents, chat_room_id, member_id) VALUES (419, 'TEXT', NOW(), 5, 'Message 419 in ChatRoom94', 94, 15);
INSERT INTO message (id, type, created_at, unread_count, contents, chat_room_id, member_id) VALUES (420, 'TEXT', NOW(), 5, 'Message 420 in ChatRoom94', 94, 17);
INSERT INTO message (id, type, created_at, unread_count, contents, chat_room_id, member_id) VALUES (421, 'TEXT', NOW(), 5, 'Message 421 in ChatRoom94', 94, 17);
INSERT INTO message (id, type, created_at, unread_count, contents, chat_room_id, member_id) VALUES (422, 'TEXT', NOW(), 5, 'Message 422 in ChatRoom94', 94, 7);
INSERT INTO message (id, type, created_at, unread_count, contents, chat_room_id, member_id) VALUES (423, 'TEXT', NOW(), 8, 'Message 423 in ChatRoom95', 95, 15);
INSERT INTO message (id, type, created_at, unread_count, contents, chat_room_id, member_id) VALUES (424, 'TEXT', NOW(), 7, 'Message 424 in ChatRoom96', 96, 7);
INSERT INTO message (id, type, created_at, unread_count, contents, chat_room_id, member_id) VALUES (425, 'TEXT', NOW(), 7, 'Message 425 in ChatRoom96', 96, 18);
INSERT INTO message (id, type, created_at, unread_count, contents, chat_room_id, member_id) VALUES (426, 'TEXT', NOW(), 7, 'Message 426 in ChatRoom96', 96, 17);
INSERT INTO message (id, type, created_at, unread_count, contents, chat_room_id, member_id) VALUES (427, 'TEXT', NOW(), 7, 'Message 427 in ChatRoom96', 96, 10);
INSERT INTO message (id, type, created_at, unread_count, contents, chat_room_id, member_id) VALUES (428, 'TEXT', NOW(), 7, 'Message 428 in ChatRoom96', 96, 8);
INSERT INTO message (id, type, created_at, unread_count, contents, chat_room_id, member_id) VALUES (429, 'TEXT', NOW(), 2, 'Message 429 in ChatRoom97', 97, 16);
INSERT INTO message (id, type, created_at, unread_count, contents, chat_room_id, member_id) VALUES (430, 'TEXT', NOW(), 2, 'Message 430 in ChatRoom97', 97, 16);
INSERT INTO message (id, type, created_at, unread_count, contents, chat_room_id, member_id) VALUES (431, 'TEXT', NOW(), 2, 'Message 431 in ChatRoom97', 97, 4);
INSERT INTO message (id, type, created_at, unread_count, contents, chat_room_id, member_id) VALUES (432, 'TEXT', NOW(), 2, 'Message 432 in ChatRoom97', 97, 4);
INSERT INTO message (id, type, created_at, unread_count, contents, chat_room_id, member_id) VALUES (433, 'TEXT', NOW(), 2, 'Message 433 in ChatRoom97', 97, 16);
INSERT INTO message (id, type, created_at, unread_count, contents, chat_room_id, member_id) VALUES (434, 'TEXT', NOW(), 2, 'Message 434 in ChatRoom97', 97, 16);
INSERT INTO message (id, type, created_at, unread_count, contents, chat_room_id, member_id) VALUES (435, 'TEXT', NOW(), 2, 'Message 435 in ChatRoom97', 97, 4);
INSERT INTO message (id, type, created_at, unread_count, contents, chat_room_id, member_id) VALUES (436, 'TEXT', NOW(), 2, 'Message 436 in ChatRoom97', 97, 4);
INSERT INTO message (id, type, created_at, unread_count, contents, chat_room_id, member_id) VALUES (437, 'TEXT', NOW(), 2, 'Message 437 in ChatRoom97', 97, 4);
INSERT INTO message (id, type, created_at, unread_count, contents, chat_room_id, member_id) VALUES (438, 'TEXT', NOW(), 8, 'Message 438 in ChatRoom98', 98, 3);
INSERT INTO message (id, type, created_at, unread_count, contents, chat_room_id, member_id) VALUES (439, 'TEXT', NOW(), 8, 'Message 439 in ChatRoom98', 98, 16);
INSERT INTO message (id, type, created_at, unread_count, contents, chat_room_id, member_id) VALUES (440, 'TEXT', NOW(), 8, 'Message 440 in ChatRoom98', 98, 11);
INSERT INTO message (id, type, created_at, unread_count, contents, chat_room_id, member_id) VALUES (441, 'TEXT', NOW(), 8, 'Message 441 in ChatRoom98', 98, 17);
INSERT INTO message (id, type, created_at, unread_count, contents, chat_room_id, member_id) VALUES (442, 'TEXT', NOW(), 8, 'Message 442 in ChatRoom98', 98, 9);
INSERT INTO message (id, type, created_at, unread_count, contents, chat_room_id, member_id) VALUES (443, 'TEXT', NOW(), 8, 'Message 443 in ChatRoom98', 98, 12);
INSERT INTO message (id, type, created_at, unread_count, contents, chat_room_id, member_id) VALUES (444, 'TEXT', NOW(), 8, 'Message 444 in ChatRoom98', 98, 12);
INSERT INTO message (id, type, created_at, unread_count, contents, chat_room_id, member_id) VALUES (445, 'TEXT', NOW(), 8, 'Message 445 in ChatRoom98', 98, 17);
INSERT INTO message (id, type, created_at, unread_count, contents, chat_room_id, member_id) VALUES (446, 'TEXT', NOW(), 8, 'Message 446 in ChatRoom99', 99, 20);
INSERT INTO message (id, type, created_at, unread_count, contents, chat_room_id, member_id) VALUES (447, 'TEXT', NOW(), 8, 'Message 447 in ChatRoom99', 99, 5);
INSERT INTO message (id, type, created_at, unread_count, contents, chat_room_id, member_id) VALUES (448, 'TEXT', NOW(), 8, 'Message 448 in ChatRoom99', 99, 8);
INSERT INTO message (id, type, created_at, unread_count, contents, chat_room_id, member_id) VALUES (449, 'TEXT', NOW(), 6, 'Message 449 in ChatRoom100', 100, 4);
INSERT INTO message (id, type, created_at, unread_count, contents, chat_room_id, member_id) VALUES (450, 'TEXT', NOW(), 6, 'Message 450 in ChatRoom100', 100, 15);

UPDATE chat_room SET last_message_id = 10 WHERE id = 1;
UPDATE chat_room SET last_message_id = 20 WHERE id = 2;
UPDATE chat_room SET last_message_id = 24 WHERE id = 3;
UPDATE chat_room SET last_message_id = 28 WHERE id = 4;
UPDATE chat_room SET last_message_id = 29 WHERE id = 5;
UPDATE chat_room SET last_message_id = 35 WHERE id = 6;
UPDATE chat_room SET last_message_id = 45 WHERE id = 7;
UPDATE chat_room SET last_message_id = 49 WHERE id = 8;
UPDATE chat_room SET last_message_id = 59 WHERE id = 9;
UPDATE chat_room SET last_message_id = 69 WHERE id = 10;
UPDATE chat_room SET last_message_id = 73 WHERE id = 11;
UPDATE chat_room SET last_message_id = 83 WHERE id = 12;
UPDATE chat_room SET last_message_id = 91 WHERE id = 13;
UPDATE chat_room SET last_message_id = 95 WHERE id = 14;
UPDATE chat_room SET last_message_id = 100 WHERE id = 15;
UPDATE chat_room SET last_message_id = 105 WHERE id = 17;
UPDATE chat_room SET last_message_id = 111 WHERE id = 18;
UPDATE chat_room SET last_message_id = 117 WHERE id = 20;
UPDATE chat_room SET last_message_id = 120 WHERE id = 21;
UPDATE chat_room SET last_message_id = 123 WHERE id = 22;
UPDATE chat_room SET last_message_id = 125 WHERE id = 24;
UPDATE chat_room SET last_message_id = 132 WHERE id = 25;
UPDATE chat_room SET last_message_id = 140 WHERE id = 26;
UPDATE chat_room SET last_message_id = 149 WHERE id = 27;
UPDATE chat_room SET last_message_id = 156 WHERE id = 29;
UPDATE chat_room SET last_message_id = 160 WHERE id = 30;
UPDATE chat_room SET last_message_id = 161 WHERE id = 31;
UPDATE chat_room SET last_message_id = 165 WHERE id = 32;
UPDATE chat_room SET last_message_id = 166 WHERE id = 34;
UPDATE chat_room SET last_message_id = 171 WHERE id = 37;
UPDATE chat_room SET last_message_id = 173 WHERE id = 38;
UPDATE chat_room SET last_message_id = 175 WHERE id = 39;
UPDATE chat_room SET last_message_id = 180 WHERE id = 41;
UPDATE chat_room SET last_message_id = 182 WHERE id = 42;
UPDATE chat_room SET last_message_id = 184 WHERE id = 43;
UPDATE chat_room SET last_message_id = 186 WHERE id = 44;
UPDATE chat_room SET last_message_id = 189 WHERE id = 45;
UPDATE chat_room SET last_message_id = 192 WHERE id = 46;
UPDATE chat_room SET last_message_id = 196 WHERE id = 47;
UPDATE chat_room SET last_message_id = 197 WHERE id = 48;
UPDATE chat_room SET last_message_id = 206 WHERE id = 49;
UPDATE chat_room SET last_message_id = 207 WHERE id = 50;
UPDATE chat_room SET last_message_id = 212 WHERE id = 51;
UPDATE chat_room SET last_message_id = 218 WHERE id = 52;
UPDATE chat_room SET last_message_id = 222 WHERE id = 53;
UPDATE chat_room SET last_message_id = 229 WHERE id = 54;
UPDATE chat_room SET last_message_id = 236 WHERE id = 55;
UPDATE chat_room SET last_message_id = 238 WHERE id = 56;
UPDATE chat_room SET last_message_id = 239 WHERE id = 57;
UPDATE chat_room SET last_message_id = 241 WHERE id = 58;
UPDATE chat_room SET last_message_id = 242 WHERE id = 59;
UPDATE chat_room SET last_message_id = 249 WHERE id = 60;
UPDATE chat_room SET last_message_id = 252 WHERE id = 61;
UPDATE chat_room SET last_message_id = 257 WHERE id = 62;
UPDATE chat_room SET last_message_id = 263 WHERE id = 63;
UPDATE chat_room SET last_message_id = 270 WHERE id = 64;
UPDATE chat_room SET last_message_id = 275 WHERE id = 65;
UPDATE chat_room SET last_message_id = 282 WHERE id = 66;
UPDATE chat_room SET last_message_id = 283 WHERE id = 67;
UPDATE chat_room SET last_message_id = 291 WHERE id = 68;
UPDATE chat_room SET last_message_id = 293 WHERE id = 69;
UPDATE chat_room SET last_message_id = 296 WHERE id = 70;
UPDATE chat_room SET last_message_id = 300 WHERE id = 71;
UPDATE chat_room SET last_message_id = 309 WHERE id = 72;
UPDATE chat_room SET last_message_id = 319 WHERE id = 73;
UPDATE chat_room SET last_message_id = 323 WHERE id = 74;
UPDATE chat_room SET last_message_id = 330 WHERE id = 75;
UPDATE chat_room SET last_message_id = 338 WHERE id = 77;
UPDATE chat_room SET last_message_id = 344 WHERE id = 78;
UPDATE chat_room SET last_message_id = 347 WHERE id = 79;
UPDATE chat_room SET last_message_id = 355 WHERE id = 80;
UPDATE chat_room SET last_message_id = 359 WHERE id = 81;
UPDATE chat_room SET last_message_id = 363 WHERE id = 82;
UPDATE chat_room SET last_message_id = 370 WHERE id = 83;
UPDATE chat_room SET last_message_id = 372 WHERE id = 84;
UPDATE chat_room SET last_message_id = 380 WHERE id = 85;
UPDATE chat_room SET last_message_id = 389 WHERE id = 86;
UPDATE chat_room SET last_message_id = 393 WHERE id = 87;
UPDATE chat_room SET last_message_id = 397 WHERE id = 88;
UPDATE chat_room SET last_message_id = 398 WHERE id = 89;
UPDATE chat_room SET last_message_id = 402 WHERE id = 90;
UPDATE chat_room SET last_message_id = 406 WHERE id = 91;
UPDATE chat_room SET last_message_id = 410 WHERE id = 92;
UPDATE chat_room SET last_message_id = 417 WHERE id = 93;
UPDATE chat_room SET last_message_id = 422 WHERE id = 94;
UPDATE chat_room SET last_message_id = 423 WHERE id = 95;
UPDATE chat_room SET last_message_id = 428 WHERE id = 96;
UPDATE chat_room SET last_message_id = 437 WHERE id = 97;
UPDATE chat_room SET last_message_id = 445 WHERE id = 98;
UPDATE chat_room SET last_message_id = 448 WHERE id = 99;
UPDATE chat_room SET last_message_id = 450 WHERE id = 100;
